quantity,parameter,point,point_float,year,value,value_float
A,sigma,21/40,0.525,1921,21/10,2.1
A,sigma,21/40,0.525,1940,120/59,2.0338983050847457
A,sigma,11/20,0.55,1921,11/5,2.2
A,sigma,11/20,0.55,1940,60/29,2.0689655172413794
A,sigma,23/40,0.575,1921,23/10,2.3
A,sigma,23/40,0.575,1940,40/19,2.1052631578947367
A,sigma,3/5,0.6,1921,12/5,2.4
A,sigma,3/5,0.6,1940,15/7,2.142857142857143
A,sigma,5/8,0.625,1921,5/2,2.5
A,sigma,5/8,0.625,1940,24/11,2.1818181818181817
A,sigma,13/20,0.65,1921,13/5,2.6
A,sigma,13/20,0.65,1940,20/9,2.2222222222222223
A,sigma,27/40,0.675,1921,27/10,2.7
A,sigma,27/40,0.675,1940,120/53,2.2641509433962264
A,sigma,7/10,0.7,1921,14/5,2.8
A,sigma,7/10,0.7,1940,30/13,2.3076923076923075
A,sigma,29/40,0.725,1921,29/10,2.9
A,sigma,29/40,0.725,1940,40/17,2.3529411764705883
A,sigma,29/40,0.725,2024,120/53,2.2641509433962264
A,sigma,3/4,0.75,1921,3,3.0
A,sigma,3/4,0.75,1940,12/5,2.4
A,sigma,3/4,0.75,2024,20/9,2.2222222222222223
A,sigma,31/40,0.775,1921,31/10,3.1
A,sigma,31/40,0.775,1940,120/49,2.4489795918367347
A,sigma,31/40,0.775,1972,120/53,2.2641509433962264
A,sigma,31/40,0.775,1979,48/23,2.0869565217391304
A,sigma,31/40,0.775,1980,120/59,2.0338983050847457
A,sigma,4/5,0.8,1921,16/5,3.2
A,sigma,4/5,0.8,1940,5/2,2.5
A,sigma,4/5,0.8,1972,15/7,2.142857142857143
A,sigma,4/5,0.8,1975,2,2.0
A,sigma,4/5,0.8,1979,15/8,1.875
A,sigma,33/40,0.825,1921,33/10,3.3
A,sigma,33/40,0.825,1940,120/47,2.5531914893617023
A,sigma,33/40,0.825,1972,120/59,2.0338983050847457
A,sigma,33/40,0.825,1973,960/481,1.995841995841996
A,sigma,33/40,0.825,1979,20/11,1.8181818181818181
A,sigma,17/20,0.85,1921,17/5,3.4
A,sigma,17/20,0.85,1940,60/23,2.608695652173913
A,sigma,17/20,0.85,1972,60/31,1.935483870967742
A,sigma,17/20,0.85,1975,480/259,1.8532818532818534
A,sigma,17/20,0.85,1979,30/17,1.7647058823529411
A,sigma,7/8,0.875,1921,7/2,3.5
A,sigma,7/8,0.875,1940,8/3,2.6666666666666665
A,sigma,7/8,0.875,1972,24/13,1.8461538461538463
A,sigma,7/8,0.875,1975,64/37,1.7297297297297298
A,sigma,7/8,0.875,1979,12/7,1.7142857142857142
A,sigma,9/10,0.9,1921,18/5,3.6
A,sigma,9/10,0.9,1940,30/11,2.727272727272727
A,sigma,9/10,0.9,1972,30/17,1.7647058823529411
A,sigma,9/10,0.9,1975,5/3,1.6666666666666667
A,sigma,9/10,0.9,1979,20/13,1.5384615384615385
A,sigma,9/10,0.9,1980,3/2,1.5
A,sigma,37/40,0.925,1921,37/10,3.7
A,sigma,37/40,0.925,1940,120/43,2.7906976744186047
A,sigma,37/40,0.925,1972,120/71,1.6901408450704225
A,sigma,37/40,0.925,1975,60/37,1.6216216216216217
A,sigma,37/40,0.925,1979,40/27,1.4814814814814814
A,sigma,37/40,0.925,1980,96/67,1.4328358208955223
A,sigma,37/40,0.925,1995,80/59,1.3559322033898304
A,sigma,19/20,0.95,1921,19/5,3.8
A,sigma,19/20,0.95,1940,20/7,2.857142857142857
A,sigma,19/20,0.95,1972,60/37,1.6216216216216217
A,sigma,19/20,0.95,1975,30/19,1.5789473684210527
A,sigma,19/20,0.95,1979,10/7,1.4285714285714286
A,sigma,19/20,0.95,1980,48/35,1.3714285714285714
A,sigma,19/20,0.95,1995,8/7,1.1428571428571428
A,sigma,39/40,0.975,1921,39/10,3.9
A,sigma,39/40,0.975,1940,120/41,2.926829268292683
A,sigma,39/40,0.975,1972,120/77,1.5584415584415585
A,sigma,39/40,0.975,1975,20/13,1.5384615384615385
A,sigma,39/40,0.975,1979,40/29,1.3793103448275863
A,sigma,39/40,0.975,1980,96/73,1.3150684931506849
A,sigma,39/40,0.975,1995,16/17,0.9411764705882353
A,sigma,39/40,0.975,2023,16/21,0.7619047619047619
mu,sigma,1/2,0.5,1920,5/28,0.17857142857142858
mu,sigma,1/2,0.5,1931,27/164,0.16463414634146342
mu,sigma,1/2,0.5,1933,229/1392,0.16451149425287356
mu,sigma,1/2,0.5,1942,19/116,0.16379310344827586
mu,sigma,1/2,0.5,1949,15/92,0.16304347826086957
mu,sigma,1/2,0.5,1963,6/37,0.16216216216216217
mu,sigma,1/2,0.5,1973,173/1067,0.16213683223992503
mu,sigma,1/2,0.5,1982,35/216,0.16203703703703703
mu,sigma,1/2,0.5,1985,139/858,0.16200466200466201
mu,sigma,1/2,0.5,1988,9/56,0.16071428571428573
mu,sigma,1/2,0.5,1989,89/560,0.15892857142857142
mu,sigma,1/2,0.5,1991,17/108,0.1574074074074074
mu,sigma,1/2,0.5,1993,89/570,0.156140350877193
mu,sigma,1/2,0.5,2005,32/205,0.15609756097560976
mu,sigma,1/2,0.5,2017,13/84,0.15476190476190477
mu,sigma,21/40,0.525,1920,93/560,0.16607142857142856
mu,sigma,21/40,0.525,1931,1513/9840,0.153760162601626
mu,sigma,21/40,0.525,1933,12833/83520,0.15365181992337165
mu,sigma,21/40,0.525,1942,71/464,0.15301724137931033
mu,sigma,21/40,0.525,1949,841/5520,0.15235507246376812
mu,sigma,21/40,0.525,1963,673/4440,0.15157657657657658
mu,sigma,21/40,0.525,1973,3881/25608,0.15155420181193377
mu,sigma,21/40,0.525,1982,1963/12960,0.15146604938271604
mu,sigma,21/40,0.525,1985,1949/12870,0.15143745143745144
mu,sigma,21/40,0.525,1988,6193/41440,0.1494449806949807
mu,sigma,21/40,0.525,1989,611777/4132800,0.14802966511807975
mu,sigma,21/40,0.525,1991,22517/153360,0.1468244653103808
mu,sigma,21/40,0.525,1993,310861/2131800,0.1458209025236889
mu,sigma,21/40,0.525,1995,1935833/13303800,0.14550977916084126
mu,sigma,21/40,0.525,1996,221/1520,0.14539473684210527
mu,sigma,21/40,0.525,2005,304723/2095920,0.14538865987251423
mu,sigma,21/40,0.525,2017,405997/2812320,0.1443637281674916
mu,sigma,21/40,0.525,2023,121/840,0.14404761904761904
mu,sigma,11/20,0.55,1920,43/280,0.15357142857142858
mu,sigma,11/20,0.55,1931,703/4920,0.14288617886178862
mu,sigma,11/20,0.55,1933,5963/41760,0.14279214559386974
mu,sigma,11/20,0.55,1942,33/232,0.14224137931034483
mu,sigma,11/20,0.55,1949,17/120,0.14166666666666666
mu,sigma,11/20,0.55,1963,313/2220,0.140990990990991
mu,sigma,11/20,0.55,1973,1805/12804,0.1409715713839425
mu,sigma,11/20,0.55,1982,913/6480,0.14089506172839505
mu,sigma,11/20,0.55,1985,1813/12870,0.14087024087024086
mu,sigma,11/20,0.55,1988,409/2960,0.13817567567567568
mu,sigma,11/20,0.55,1989,40481/295200,0.13713075880758807
mu,sigma,11/20,0.55,1991,10447/76680,0.1362415232133542
mu,sigma,11/20,0.55,1993,144431/1065900,0.13550145417018483
mu,sigma,11/20,0.55,1995,897203/6651900,0.13487920744448956
mu,sigma,11/20,0.55,1996,27501319/204061860,0.1347695203797515
mu,sigma,11/20,0.55,2017,26911/200880,0.13396555157307846
mu,sigma,11/20,0.55,2023,2/15,0.13333333333333333
mu,sigma,23/40,0.575,1920,79/560,0.14107142857142857
mu,sigma,23/40,0.575,1931,433/3280,0.13201219512195123
mu,sigma,23/40,0.575,1933,3673/27840,0.13193247126436783
mu,sigma,23/40,0.575,1942,61/464,0.1314655172413793
mu,sigma,23/40,0.575,1949,241/1840,0.1309782608695652
mu,sigma,23/40,0.575,1963,193/1480,0.1304054054054054
mu,sigma,23/40,0.575,1973,1113/8536,0.13038894095595127
mu,sigma,23/40,0.575,1982,563/4320,0.13032407407407406
mu,sigma,23/40,0.575,1985,43/330,0.1303030303030303
mu,sigma,23/40,0.575,1988,5259/41440,0.12690637065637064
mu,sigma,23/40,0.575,1989,173897/1377600,0.1262318524970964
mu,sigma,23/40,0.575,1991,19271/153360,0.1256585811163276
mu,sigma,23/40,0.575,1993,266863/2131800,0.12518200581668074
mu,sigma,23/40,0.575,1995,550993/4434600,0.12424863572813782
mu,sigma,23/40,0.575,1996,8445997/68020620,0.1241681860588745
mu,sigma,23/40,0.575,2017,115837/937440,0.1235673749786653
mu,sigma,23/40,0.575,2023,761217/6206120,0.12265586227788054
mu,sigma,3/5,0.6,1920,9/70,0.12857142857142856
mu,sigma,3/5,0.6,1931,149/1230,0.12113821138211382
mu,sigma,3/5,0.6,1933,158/1305,0.1210727969348659
mu,sigma,3/5,0.6,1942,7/58,0.1206896551724138
mu,sigma,3/5,0.6,1949,83/690,0.12028985507246377
mu,sigma,3/5,0.6,1963,133/1110,0.11981981981981982
mu,sigma,3/5,0.6,1973,767/6402,0.11980631052796001
mu,sigma,3/5,0.6,1982,97/810,0.11975308641975309
mu,sigma,3/5,0.6,1985,1541/12870,0.11973581973581973
mu,sigma,3/5,0.6,1988,599/5180,0.11563706563706563
mu,sigma,3/5,0.6,1989,59581/516600,0.11533294618660472
mu,sigma,3/5,0.6,1991,1103/9585,0.11507563901930098
mu,sigma,3/5,0.6,1993,30608/266475,0.11486255746317665
mu,sigma,3/5,0.6,1995,188944/1662975,0.1136180640117861
mu,sigma,3/5,0.6,1996,23174663/204061860,0.11356685173799749
mu,sigma,3/5,0.6,2017,79567/703080,0.11316919838425214
mu,sigma,3/5,0.6,2023,349193/3103060,0.11253182342590862
mu,sigma,5/8,0.625,1920,13/112,0.11607142857142858
mu,sigma,5/8,0.625,1931,217/1968,0.11026422764227642
mu,sigma,5/8,0.625,1933,1841/16704,0.11021312260536398
mu,sigma,5/8,0.625,1942,51/464,0.10991379310344827
mu,sigma,5/8,0.625,1949,121/1104,0.10960144927536232
mu,sigma,5/8,0.625,1963,97/888,0.10923423423423423
mu,sigma,5/8,0.625,1973,2797/25608,0.10922368009996876
mu,sigma,5/8,0.625,1982,283/2592,0.1091820987654321
mu,sigma,5/8,0.625,1985,281/2574,0.10916860916860917
mu,sigma,5/8,0.625,1988,455/4343,0.10476629058254662
mu,sigma,5/8,0.625,1989,45430/433919,0.10469695957079547
mu,sigma,5/8,0.625,1991,3375/32254,0.10463818441123582
mu,sigma,5/8,0.625,1993,187815/1795736,0.10458942739912772
mu,sigma,5/8,0.625,1995,54805/532152,0.10298749229543439
mu,sigma,5/8,0.625,1996,4202267/40812372,0.10296551741712047
mu,sigma,5/8,0.625,2017,57805/562464,0.10277102178983899
mu,sigma,5/8,0.625,2023,127111/1241224,0.10240778457393669
mu,sigma,13/20,0.65,1920,29/280,0.10357142857142858
mu,sigma,13/20,0.65,1931,163/1640,0.09939024390243903
mu,sigma,13/20,0.65,1933,461/4640,0.09935344827586207
mu,sigma,13/20,0.65,1942,23/232,0.09913793103448276
mu,sigma,13/20,0.65,1949,91/920,0.09891304347826087
mu,sigma,13/20,0.65,1963,73/740,0.09864864864864865
mu,sigma,13/20,0.65,1973,421/4268,0.09864104967197751
mu,sigma,13/20,0.65,1982,71/720,0.09861111111111111
mu,sigma,13/20,0.65,1985,141/1430,0.0986013986013986
mu,sigma,13/20,0.65,1988,11859/125620,0.09440375736347716
mu,sigma,13/20,0.65,1989,237247/2513428,0.09439180274907417
mu,sigma,13/20,0.65,1991,44131/467580,0.09438171008169725
mu,sigma,13/20,0.65,1993,61475/651402,0.09437336698382873
mu,sigma,13/20,0.65,1995,146271/1583180,0.0923906315137887
mu,sigma,13/20,0.65,2017,43297/468720,0.09237284519542584
mu,sigma,13/20,0.65,2023,143181/1551530,0.09228374572196477
mu,sigma,27/40,0.675,1920,51/560,0.09107142857142857
mu,sigma,27/40,0.675,1931,871/9840,0.08851626016260163
mu,sigma,27/40,0.675,1933,7391/83520,0.08849377394636015
mu,sigma,27/40,0.675,1942,41/464,0.08836206896551724
mu,sigma,27/40,0.675,1949,487/5520,0.08822463768115942
mu,sigma,27/40,0.675,1963,391/4440,0.08806306306306307
mu,sigma,27/40,0.675,1973,205/2328,0.08805841924398626
mu,sigma,27/40,0.675,1982,1141/12960,0.08804012345679012
mu,sigma,27/40,0.675,1985,103/1170,0.08803418803418804
mu,sigma,27/40,0.675,1988,5037/59480,0.08468392737054473
mu,sigma,27/40,0.675,1989,503241/5955160,0.08450503428959087
mu,sigma,27/40,0.675,1991,18703/221720,0.08435414035720729
mu,sigma,27/40,0.675,1993,130159/1545290,0.08422949737589708
mu,sigma,27/40,0.675,1995,2915837/35185920,0.08286942617956274
mu,sigma,27/40,0.675,1996,987157327/11922028680,0.08280111996845155
mu,sigma,27/40,0.675,2017,430267/5200800,0.08273092601138286
mu,sigma,27/40,0.675,2023,3151/38250,0.08237908496732026
mu,sigma,7/10,0.7,1920,11/140,0.07857142857142857
mu,sigma,7/10,0.7,1931,191/2460,0.07764227642276422
mu,sigma,7/10,0.7,1933,1621/20880,0.07763409961685824
mu,sigma,7/10,0.7,1942,9/116,0.07758620689655173
mu,sigma,7/10,0.7,1949,107/1380,0.07753623188405798
mu,sigma,7/10,0.7,1963,43/555,0.07747747747747748
mu,sigma,7/10,0.7,1973,248/3201,0.077475788815995
mu,sigma,7/10,0.7,1982,251/3240,0.07746913580246914
mu,sigma,7/10,0.7,1985,997/12870,0.07746697746697746
mu,sigma,7/10,0.7,1988,1117/14870,0.07511768661735037
mu,sigma,7/10,0.7,1989,111241/1488790,0.07471906716192345
mu,sigma,7/10,0.7,1991,4123/55430,0.07438210355403212
mu,sigma,7/10,0.7,1993,114511/1545290,0.07410324275702296
mu,sigma,7/10,0.7,1995,647137/8796480,0.07356772254356288
mu,sigma,7/10,0.7,1996,875264213/11922028680,0.07341571107510539
mu,sigma,7/10,0.7,2017,23813/325050,0.07325949853868635
mu,sigma,7/10,0.7,2023,218/3005,0.07254575707154742
mu,sigma,29/40,0.725,1920,17/250,0.068
mu,sigma,29/40,0.725,1988,3797/57440,0.06610376044568245
mu,sigma,29/40,0.725,1989,373453/5690480,0.06562767991452391
mu,sigma,29/40,0.725,1991,13693/209960,0.06521718422556677
mu,sigma,29/40,0.725,1993,188429/2904640,0.06487172248540267
mu,sigma,29/40,0.725,1995,1180057/18209600,0.06480411431332923
mu,sigma,29/40,0.725,1996,798086299/12349941830,0.06462267676932046
mu,sigma,29/40,0.725,2017,246863/3832420,0.0644143909070509
mu,sigma,29/40,0.725,2023,27346621/425362775,0.06429011330387338
mu,sigma,3/4,0.75,1920,3/50,0.06
mu,sigma,3/4,0.75,1988,333/5744,0.05797353760445682
mu,sigma,3/4,0.75,1989,32841/569048,0.05771217893745343
mu,sigma,3/4,0.75,1991,1207/20996,0.0574871404076967
mu,sigma,3/4,0.75,1993,16643/290464,0.05729797840696265
mu,sigma,3/4,0.75,1995,103863/1820960,0.057037496705034704
mu,sigma,3/4,0.75,1996,140596251/2469988366,0.05692182721803152
mu,sigma,3/4,0.75,2017,10881/191621,0.056783964179291414
mu,sigma,3/4,0.75,2023,9615193/170145110,0.05651172108325652
mu,sigma,31/40,0.775,1920,13/250,0.052
mu,sigma,31/40,0.775,1988,5927/118910,0.04984442014969304
mu,sigma,31/40,0.775,1989,590203/11852030,0.04979762960438001
mu,sigma,31/40,0.775,1991,7291/146530,0.04975772879273869
mu,sigma,31/40,0.775,1993,202481/4072060,0.04972446378491476
mu,sigma,31/40,0.775,1995,897203/18209600,0.04927087909674018
mu,sigma,31/40,0.775,1996,607876211/12349941830,0.049220977666742584
mu,sigma,31/40,0.775,2017,188377/3832420,0.04915353745153193
mu,sigma,31/40,0.775,2023,206012/4206225,0.048977883969592684
mu,sigma,4/5,0.8,1920,11/250,0.044
mu,sigma,4/5,0.8,1988,5497/130130,0.04224237301160378
mu,sigma,4/5,0.8,1989,183319/4340910,0.04223054612972856
mu,sigma,4/5,0.8,1991,20463/484670,0.042220479914168406
mu,sigma,4/5,0.8,1993,570177/13507430,0.04221210104364783
mu,sigma,4/5,0.8,1995,359003/8645790,0.04152344667173272
mu,sigma,4/5,0.8,2017,79567/1916210,0.04152311072377245
mu,sigma,4/5,0.8,2023,349193/8412450,0.04150907286224584
mu,sigma,33/40,0.825,1920,9/250,0.036
mu,sigma,33/40,0.825,1988,2803/79880,0.035090135202804205
mu,sigma,33/40,0.825,1989,280759/8031880,0.03495557702555317
mu,sigma,33/40,0.825,1991,10457/300120,0.03484272957483673
mu,sigma,33/40,0.825,1993,145807/4195890,0.03474995769669843
mu,sigma,33/40,0.825,1995,1621563/46938560,0.03454650078741231
mu,sigma,33/40,0.825,1996,1099050441/31860600170,0.034495597544796655
mu,sigma,33/40,0.825,2017,239763/6961060,0.034443461197001604
mu,sigma,33/40,0.825,2023,441/12895,0.0341993020550601
mu,sigma,17/20,0.85,1920,19/650,0.02923076923076923
mu,sigma,17/20,0.85,1988,533/18695,0.028510296870821076
mu,sigma,17/20,0.85,1989,52312/1842545,0.028391165480354617
mu,sigma,17/20,0.85,1991,3829/135360,0.028287529550827424
mu,sigma,17/20,0.85,1993,52607/1865520,0.028199644067069773
mu,sigma,17/20,0.85,1995,330371/11745520,0.028127405172355076
mu,sigma,17/20,0.85,1996,893191343/31812148810,0.028077051579716912
mu,sigma,17/20,0.85,2017,345/12412,0.02779568159845311
mu,sigma,17/20,0.85,2023,20001/721108,0.027736483300698368
mu,sigma,7/8,0.875,1920,3/130,0.023076923076923078
mu,sigma,7/8,0.875,1988,518/23181,0.022345886717570426
mu,sigma,7/8,0.875,1989,51660/2313161,0.022333075821354416
mu,sigma,7/8,0.875,1991,1917/85879,0.022322104356128972
mu,sigma,7/8,0.875,1993,53295/2388526,0.022312924372604695
mu,sigma,7/8,0.875,1995,103863/4698208,0.022106939496931596
mu,sigma,7/8,0.875,1996,140596251/6362429762,0.022097886540095056
mu,sigma,7/8,0.875,2017,533/24824,0.02147115694489204
mu,sigma,7/8,0.875,2023,30935/1442216,0.021449630291163042
mu,sigma,9/10,0.9,1920,11/650,0.016923076923076923
mu,sigma,9/10,0.9,1988,281/16910,0.0166173861620343
mu,sigma,9/10,0.9,1989,84759/5117890,0.016561317261605858
mu,sigma,9/10,0.9,1991,3167/191770,0.01651457475100381
mu,sigma,9/10,0.9,1993,177103/10748930,0.016476337644770224
mu,sigma,9/10,0.9,1995,487213/29680330,0.016415349829331412
mu,sigma,9/10,0.9,1996,1322836669/80689192270,0.016394223709335937
mu,sigma,9/10,0.9,2017,1/65,0.015384615384615385
mu,sigma,37/40,0.925,1920,19/1610,0.011801242236024845
mu,sigma,37/40,0.925,1988,631/54890,0.011495718710147568
mu,sigma,37/40,0.925,1989,63359/5515130,0.011488215146333813
mu,sigma,37/40,0.925,1991,16553/1441670,0.01148182316341465
mu,sigma,37/40,0.925,1993,231199/20145430,0.011476498640138234
mu,sigma,37/40,0.925,1995,330371/28960300,0.011407720223892708
mu,sigma,37/40,0.925,1996,893191343/78344966290,0.011400749598816377
mu,sigma,37/40,0.925,2003,185861459/16324371160,0.011385520286099645
mu,sigma,37/40,0.925,2005,16710028/1467713045,0.011385078341386547
mu,sigma,37/40,0.925,2017,43/4440,0.009684684684684685
mu,sigma,19/20,0.95,1920,27/3850,0.007012987012987013
mu,sigma,19/20,0.95,1988,2259/326410,0.006920743849759505
mu,sigma,19/20,0.95,1989,2047/297010,0.006892023837581226
mu,sigma,19/20,0.95,1991,8211/1195690,0.006867164566066455
mu,sigma,19/20,0.95,1993,226683/33110890,0.006846176590239646
mu,sigma,19/20,0.95,1995,235899/34523470,0.006833003750781714
mu,sigma,19/20,0.95,1996,1273611519/186627408290,0.006824354100341668
mu,sigma,19/20,0.95,2003,40481287/6053280000,0.006687496200407052
mu,sigma,19/20,0.95,2017,9/1750,0.005142857142857143
mu,sigma,39/40,0.975,1920,9/2990,0.0030100334448160534
mu,sigma,39/40,0.975,1988,1/335,0.0029850746268656717
mu,sigma,39/40,0.975,1989,197/66170,0.0029771799909324467
mu,sigma,39/40,0.975,1991,3/1010,0.0029702970297029703
mu,sigma,39/40,0.975,1993,783/264130,0.0029644493241964185
mu,sigma,39/40,0.975,1995,78633/26755730,0.002938921868325028
mu,sigma,39/40,0.975,1996,424537173/144541968790,0.002937120454037784
mu,sigma,39/40,0.975,2001,1554048/532477615,0.0029185226875687535
mu,sigma,39/40,0.975,2002,1/360,0.002777777777777778
mu,sigma,39/40,0.975,2017,7/4040,0.0017326732673267327
beta,alpha,1/40,0.025,1993,307/2920,0.10513698630136986
beta,alpha,1/40,0.025,1995,5/56,0.08928571428571429
beta,alpha,1/40,0.025,2003,2857/105600,0.02705492424242424
beta,alpha,1/40,0.025,2016,211/8160,0.0258578431372549
beta,alpha,1/20,0.05,1993,177/1460,0.12123287671232877
beta,alpha,1/20,0.05,1995,3/28,0.10714285714285714
beta,alpha,1/20,0.05,2003,247/4800,0.051458333333333335
beta,alpha,1/20,0.05,2016,613/12240,0.05008169934640523
beta,alpha,3/40,0.075,1993,401/2920,0.13732876712328768
beta,alpha,3/40,0.075,1995,1/8,0.125
beta,alpha,3/40,0.075,2003,8011/105600,0.07586174242424243
beta,alpha,3/40,0.075,2016,1089/14560,0.07479395604395604
beta,alpha,3/40,0.075,2017,209/2800,0.07464285714285715
beta,alpha,1/10,0.1,1993,56/365,0.15342465753424658
beta,alpha,1/10,0.1,1995,1/7,0.14285714285714285
beta,alpha,1/10,0.1,2003,2647/26400,0.10026515151515152
beta,alpha,1/10,0.1,2016,179/1800,0.09944444444444445
beta,alpha,1/10,0.1,2017,109/1100,0.09909090909090909
beta,alpha,1/8,0.125,1993,99/584,0.1695205479452055
beta,alpha,1/8,0.125,1995,9/56,0.16071428571428573
beta,alpha,1/8,0.125,2003,2633/21120,0.1246685606060606
beta,alpha,1/8,0.125,2016,111/896,0.12388392857142858
beta,alpha,1/8,0.125,2017,71/576,0.1232638888888889
beta,alpha,3/20,0.15,1993,271/1460,0.18561643835616437
beta,alpha,3/20,0.15,1995,5/28,0.17857142857142858
beta,alpha,3/20,0.15,2003,38/255,0.14901960784313725
beta,alpha,3/20,0.15,2016,83/560,0.14821428571428572
beta,alpha,3/20,0.15,2017,33/224,0.14732142857142858
beta,alpha,7/40,0.175,1993,589/2920,0.20171232876712328
beta,alpha,7/40,0.175,1995,11/56,0.19642857142857142
beta,alpha,7/40,0.175,2003,19/102,0.18627450980392157
beta,alpha,7/40,0.175,2016,413/2400,0.17208333333333334
beta,alpha,7/40,0.175,2017,41/240,0.17083333333333334
beta,alpha,1/5,0.2,1993,159/730,0.21780821917808219
beta,alpha,1/5,0.2,1995,3/14,0.21428571428571427
beta,alpha,1/5,0.2,2016,39/200,0.195
beta,alpha,1/5,0.2,2017,29/150,0.19333333333333333
beta,alpha,9/40,0.225,1993,683/2920,0.2339041095890411
beta,alpha,9/40,0.225,1995,13/56,0.23214285714285715
beta,alpha,9/40,0.225,2016,351/1600,0.219375
beta,alpha,9/40,0.225,2017,87/400,0.2175
beta,alpha,1/4,0.25,1993,1/4,0.25
beta,alpha,1/4,0.25,1996,59/246,0.23983739837398374
beta,alpha,1/4,0.25,2016,23/96,0.23958333333333334
beta,alpha,1/4,0.25,2017,19/80,0.2375
beta,alpha,11/40,0.275,1993,777/2920,0.2660958904109589
beta,alpha,11/40,0.275,1996,9411/36080,0.2608370288248337
beta,alpha,3/10,0.3,1993,103/365,0.2821917808219178
beta,alpha,3/10,0.3,2023,547/1940,0.28195876288659794
beta,alpha,13/40,0.325,1993,2923/9760,0.2994877049180328
beta,alpha,7/20,0.35,1993,1017/3205,0.31731669266770673
beta,alpha,3/8,0.375,1993,859/2564,0.33502340093603744
beta,alpha,2/5,0.4,1993,113/320,0.353125
beta,alpha,2/5,0.4,2023,701/1990,0.3522613065326633
beta,alpha,17/40,0.425,1993,1681/4560,0.368640350877193
beta,alpha,17/40,0.425,1996,438769/1194200,0.3674166806230112
beta,alpha,17/40,0.425,2001,2351/6400,0.36734375
beta,alpha,17/40,0.425,2017,11/30,0.36666666666666664
beta,alpha,9/20,0.45,1989,43/112,0.38392857142857145
beta,alpha,9/20,0.45,1993,869/2280,0.381140350877193
beta,alpha,9/20,0.45,2017,319/840,0.37976190476190474
beta,alpha,19/40,0.475,1989,111/280,0.3964285714285714
beta,alpha,19/40,0.475,1993,359/912,0.39364035087719296
beta,alpha,19/40,0.475,2017,659/1680,0.39226190476190476
