date,datetime_utc,score,toffoli,qubits,solver,ai_tool_in_note
2026-05-30,2026-05-30 07:41:45,10753444395,3960753,2715,Chris-Moller,
2026-05-30,2026-05-30 07:59:57,10751761095,3960133,2715,saucegodbased,
2026-05-30,2026-05-30 17:25:12,10704574395,3942753,2715,philuponcrypto,
2026-05-30,2026-05-30 20:21:38,10698739917,3943509,2713,cryptogakusei,
2026-05-30,2026-05-30 21:14:21,10579872520,3904012,2710,vineetguptadev,
2026-05-30,2026-05-30 23:02:28,10572584432,3904204,2708,Gajesh2007,
2026-05-30,2026-05-30 23:37:42,10572302800,3904100,2708,Gajesh2007,
2026-05-31,2026-05-31 00:04:38,10398568352,3839944,2708,Gajesh2007,
2026-05-31,2026-05-31 00:49:06,10397877812,3839689,2708,Gajesh2007,
2026-05-31,2026-05-31 01:38:08,10395860352,3838944,2708,Gajesh2007,
2026-05-31,2026-05-31 02:38:57,10347216548,3820981,2708,Gajesh2007,
2026-05-31,2026-05-31 04:02:30,10344443556,3819957,2708,cryptogakusei,
2026-05-31,2026-05-31 04:16:44,10322446472,3811834,2708,Gajesh2007,no
2026-05-31,2026-05-31 08:30:34,10318536120,3810390,2708,chainyoda,no
2026-05-31,2026-05-31 11:44:15,9604339032,3546654,2708,Gajesh2007,no
2026-05-31,2026-05-31 15:45:04,9603905752,3546494,2708,cryptogakusei,yes
2026-05-31,2026-05-31 16:29:10,9591310844,3541843,2708,mmurrs,yes
2026-05-31,2026-05-31 17:00:56,9591294596,3541837,2708,mmurrs,yes
2026-05-31,2026-05-31 20:03:22,8445450090,3656039,2310,Gajesh2007,no
2026-05-31,2026-05-31 21:05:44,8405420100,3638710,2310,philuponcrypto,yes
2026-06-01,2026-06-01 00:59:53,8398781999,3637411,2309,saucegodbased,yes
2026-06-01,2026-06-01 02:36:22,8372879130,3624623,2310,bxue-l2,yes
2026-06-01,2026-06-01 03:58:02,8367457560,3622276,2310,Gajesh2007,no
2026-06-01,2026-06-01 04:48:41,7765663290,3361759,2310,Gajesh2007,yes
2026-06-01,2026-06-01 05:10:38,7757626800,3358280,2310,Gajesh2007,yes
2026-06-01,2026-06-01 05:31:23,7756453320,3357772,2310,Gajesh2007,yes
2026-06-01,2026-06-01 06:01:08,7754110980,3356758,2310,Gajesh2007,yes
2026-06-01,2026-06-01 07:28:28,7077100800,3063680,2310,Gajesh2007,no
2026-06-01,2026-06-01 07:59:23,7074763080,3062668,2310,Gajesh2007,yes
2026-06-01,2026-06-01 08:14:58,6964659240,3015004,2310,Gajesh2007,yes
2026-06-01,2026-06-01 08:45:22,6961644236,3015004,2309,Gajesh2007,yes
2026-06-01,2026-06-01 09:29:31,6865358936,2973304,2309,Gajesh2007,no
2026-06-01,2026-06-01 09:44:31,6764917436,2929804,2309,Gajesh2007,yes
2026-06-01,2026-06-01 14:59:20,6626924669,2870041,2309,Gajesh2007,no
2026-06-01,2026-06-01 15:27:08,6616811249,2865661,2309,Gajesh2007,no
2026-06-01,2026-06-01 16:19:53,6564355387,2842943,2309,Gajesh2007,no
2026-06-01,2026-06-01 16:41:10,6550820029,2837081,2309,anupsv,yes
2026-06-01,2026-06-01 17:02:18,6540623485,2832665,2309,anupsv,yes
2026-06-01,2026-06-01 17:17:32,6526487787,2826543,2309,Gajesh2007,no
2026-06-01,2026-06-01 17:42:41,6508057349,2818561,2309,Gajesh2007,no
2026-06-01,2026-06-01 17:53:51,6496336865,2813485,2309,Gajesh2007,yes
2026-06-01,2026-06-01 17:58:15,6492420801,2811789,2309,Gajesh2007,no
2026-06-01,2026-06-01 18:02:20,6489215909,2810401,2309,Gajesh2007,yes
2026-06-01,2026-06-01 18:11:21,6461895821,2798569,2309,Gajesh2007,yes
2026-06-01,2026-06-01 18:20:13,6453615747,2794983,2309,Gajesh2007,yes
2026-06-01,2026-06-01 18:24:08,6040110791,2615899,2309,Gajesh2007,no
2026-06-01,2026-06-01 18:32:49,6035298835,2613815,2309,Gajesh2007,yes
2026-06-01,2026-06-01 18:44:31,6028140935,2610715,2309,saucegodbased,yes
2026-06-01,2026-06-01 18:46:35,5976793393,2588477,2309,anupsv,yes
2026-06-01,2026-06-01 19:01:48,5975181711,2587779,2309,anupsv,yes
2026-06-01,2026-06-01 19:05:00,5935088235,2570415,2309,Gajesh2007,yes
2026-06-01,2026-06-01 19:22:41,5882154410,2547490,2309,solimander,no
2026-06-01,2026-06-01 19:36:04,5686868426,2462914,2309,Gajesh2007,yes
2026-06-01,2026-06-01 20:35:03,5653140863,2448307,2309,jtrose24,yes
2026-06-01,2026-06-01 21:02:12,5632468386,2439354,2309,anupsv,no
2026-06-01,2026-06-01 21:09:02,5622396528,2434992,2309,anupsv,no
2026-06-01,2026-06-01 21:41:58,5597330024,2424136,2309,mpjunior92,yes
2026-06-01,2026-06-01 22:08:04,5585083088,2418832,2309,anupsv,no
2026-06-01,2026-06-01 22:32:41,5574826510,2414390,2309,mpjunior92,yes
2026-06-02,2026-06-02 00:23:49,5562678861,2409129,2309,jtrose24,yes
2026-06-02,2026-06-02 00:59:58,5561829149,2408761,2309,Gajesh2007,yes
2026-06-02,2026-06-02 01:08:33,5549529106,2403434,2309,Gajesh2007,no
2026-06-02,2026-06-02 01:18:37,5548420786,2402954,2309,anupsv,no
2026-06-02,2026-06-02 02:08:53,5547081566,2402374,2309,mpjunior92,yes
2026-06-02,2026-06-02 02:17:09,5185018575,2560503,2025,Gajesh2007,yes
2026-06-02,2026-06-02 02:52:58,5183333775,2559671,2025,Epistetechnician,yes
2026-06-02,2026-06-02 03:11:38,5182912575,2559463,2025,antojoseph,yes
2026-06-02,2026-06-02 03:21:04,5182432650,2559226,2025,0xpg,yes
2026-06-02,2026-06-02 03:39:41,5180353112,2559463,2024,antojoseph,yes
2026-06-02,2026-06-02 03:52:16,5180304536,2559439,2024,antojoseph,yes
2026-06-02,2026-06-02 04:06:44,5166820098,2575683,2006,Gajesh2007,no
2026-06-02,2026-06-02 04:33:34,5166788002,2575667,2006,xadenryan,yes
2026-06-02,2026-06-02 04:39:31,5166017698,2575283,2006,josusanmartin,yes
2026-06-02,2026-06-02 04:51:08,5160257102,2577551,2002,nandy-technologies,yes
2026-06-02,2026-06-02 05:08:16,5158663510,2576755,2002,antojoseph,yes
2026-06-02,2026-06-02 05:08:23,5157758606,2576303,2002,0xpg,yes
2026-06-02,2026-06-02 05:28:25,5148949806,2571903,2002,0xpg,yes
2026-06-02,2026-06-02 05:39:11,5121484498,2553083,2006,anupsv,no
2026-06-02,2026-06-02 06:00:02,5120690122,2552687,2006,owizdom,yes
2026-06-02,2026-06-02 06:03:01,4156442508,2447846,1698,pldallairedemers,yes
2026-06-02,2026-06-02 06:23:40,4148020428,2442886,1698,josusanmartin,yes
2026-06-02,2026-06-02 06:32:49,4131013260,2432870,1698,anupsv,no
2026-06-02,2026-06-02 06:46:35,4096509900,2412550,1698,owizdom,yes
2026-06-02,2026-06-02 06:53:39,4068676284,2396158,1698,Gajesh2007,yes
2026-06-02,2026-06-02 07:05:25,3775248300,2223350,1698,saucegodbased,yes
2026-06-02,2026-06-02 07:12:31,3538424844,2083878,1698,owizdom,yes
2026-06-02,2026-06-02 07:28:00,3364984332,1981734,1698,saucegodbased,yes
2026-06-02,2026-06-02 07:39:15,3315144636,1952382,1698,jtrose24,yes
2026-06-02,2026-06-02 07:49:10,3274494516,1928442,1698,saucegodbased,yes
2026-06-02,2026-06-02 07:58:10,3270229140,1925930,1698,megabyte0x,yes
2026-06-02,2026-06-02 08:03:06,3161659020,1861990,1698,Epistetechnician,yes
2026-06-02,2026-06-02 08:15:13,3121008900,1838050,1698,saucegodbased,yes
2026-06-02,2026-06-02 08:21:22,2893538028,1704086,1698,Gajesh2007,yes
2026-06-02,2026-06-02 08:34:13,2892132084,1703258,1698,pldallairedemers,yes
2026-06-02,2026-06-02 08:48:09,2882472162,1697569,1698,Gajesh2007,yes
2026-06-02,2026-06-02 08:59:22,2873320661,1697177,1693,M3kko,no
2026-06-02,2026-06-02 09:07:58,2871482706,1691097,1698,Gajesh2007,yes
2026-06-02,2026-06-02 09:11:45,2867957237,1694009,1693,Epistetechnician,yes
2026-06-02,2026-06-02 09:11:56,2841822042,1673629,1698,josusanmartin,yes
2026-06-02,2026-06-02 09:26:17,2836402026,1670437,1698,Epistetechnician,yes
2026-06-02,2026-06-02 09:29:30,2833542594,1668753,1698,Gajesh2007,yes
2026-06-02,2026-06-02 09:53:12,2832673218,1668241,1698,Epistetechnician,yes
2026-06-02,2026-06-02 10:09:16,2831586498,1667601,1698,Gajesh2007,yes
2026-06-02,2026-06-02 10:30:02,2830370730,1666885,1698,mpjunior92,yes
2026-06-02,2026-06-02 10:32:43,2823714570,1662965,1698,mpjunior92,yes
2026-06-02,2026-06-02 10:41:11,2822498802,1662249,1698,mpjunior92,yes
2026-06-02,2026-06-02 10:52:48,2783850084,1770897,1572,saucegodbased,yes
2026-06-02,2026-06-02 11:11:13,2769217908,1761589,1572,anupsv,no
2026-06-02,2026-06-02 11:36:23,2750982708,1749989,1572,mpjunior92,yes
2026-06-02,2026-06-02 12:00:00,2745964884,1746797,1572,ptrdsh,yes
2026-06-02,2026-06-02 12:12:24,2744218087,1746797,1571,pldallairedemers,yes
2026-06-02,2026-06-02 12:35:51,2741710771,1745201,1571,solimander,yes
2026-06-02,2026-06-02 12:53:17,2738776143,1743333,1571,mpjunior92,yes
2026-06-02,2026-06-02 13:01:39,2736953783,1742173,1571,mpjunior92,yes
2026-06-02,2026-06-02 13:10:40,2736895656,1742136,1571,prasiddhnaik,yes
2026-06-02,2026-06-02 13:18:14,2731939151,1738981,1571,mpjunior92,yes
2026-06-02,2026-06-02 13:23:00,2647454335,1689505,1567,solimander,yes
2026-06-02,2026-06-02 14:01:42,2642452471,1686313,1567,mpjunior92,yes
2026-06-02,2026-06-02 14:02:45,2641202005,1685515,1567,solimander,yes
2026-06-02,2026-06-02 14:27:22,2638694805,1683915,1567,mpjunior92,yes
2026-06-02,2026-06-02 14:52:55,2637203021,1682963,1567,pldallairedemers,yes
2026-06-02,2026-06-02 15:24:35,2630999274,1688703,1558,mpjunior92,yes
2026-06-02,2026-06-02 16:20:53,2620444497,1698279,1543,mpjunior92,yes
2026-06-02,2026-06-02 16:28:50,2616750555,1695885,1543,mpjunior92,yes
2026-06-02,2026-06-02 16:47:41,2615519241,1695087,1543,10d9e,yes
2026-06-02,2026-06-02 16:51:43,2615281619,1694933,1543,josusanmartin,yes
2026-06-02,2026-06-02 17:29:18,2614737018,1695679,1542,anupsv,no
2026-06-02,2026-06-02 17:38:30,2595571337,1682159,1543,bxue-l2,yes
2026-06-02,2026-06-02 17:55:50,2593889178,1682159,1542,bxue-l2,yes
2026-06-02,2026-06-02 18:12:18,2592421194,1681207,1542,josusanmartin,yes
2026-06-02,2026-06-02 18:32:36,2592370365,1682265,1541,fortunexbt,yes
2026-06-02,2026-06-02 18:32:47,2590854522,1680191,1542,josusanmartin,yes
2026-06-02,2026-06-02 19:35:52,2578075500,1718717,1500,10d9e,yes
2026-06-02,2026-06-02 20:02:50,2574991500,1716661,1500,mmurrs,yes
2026-06-02,2026-06-02 20:19:24,2539526878,1732283,1466,mpjunior92,yes
2026-06-02,2026-06-02 21:11:52,2535067306,1729241,1466,pldallairedemers,yes
2026-06-02,2026-06-02 21:37:28,2533577850,1728225,1466,10d9e,yes
2026-06-02,2026-06-02 21:57:46,2511992646,1737201,1446,pldallairedemers,yes
2026-06-02,2026-06-02 22:33:34,2510523510,1736185,1446,Epistetechnician,yes
2026-06-02,2026-06-02 22:57:28,2508895314,1735059,1446,alexander-sei,yes
2026-06-02,2026-06-02 23:10:34,2505981621,1736647,1443,mpjunior92,yes
2026-06-03,2026-06-03 00:51:38,2505508317,1736319,1443,phileigenlabs,yes
2026-06-03,2026-06-03 02:36:41,2498876289,1731723,1443,twangodev,yes
2026-06-03,2026-06-03 02:36:48,2497479574,1736773,1438,Sam-Scolari,yes
2026-06-03,2026-06-03 02:50:52,2493939666,1739149,1434,nikhiljha,no
2026-06-03,2026-06-03 03:23:30,2485943682,1733573,1434,twangodev,yes
2026-06-03,2026-06-03 06:18:17,2484807954,1732781,1434,twangodev,yes
2026-06-03,2026-06-03 06:33:45,2482854846,1731419,1434,aburan28,yes
2026-06-03,2026-06-03 07:00:57,2481329070,1730355,1434,BitWonka,yes
2026-06-03,2026-06-03 08:45:14,2480196210,1729565,1434,BitWonka,yes
2026-06-03,2026-06-03 14:35:06,2479548042,1729113,1434,BitWonka,yes
2026-06-03,2026-06-03 15:47:08,2478050946,1728069,1434,aburan28,yes
2026-06-03,2026-06-03 16:51:34,2476507962,1726993,1434,10d9e,yes
2026-06-03,2026-06-03 16:54:45,2471488962,1723493,1434,aburan28,yes
2026-06-03,2026-06-03 17:08:50,2461901238,1716807,1434,nikhiljha,yes
2026-06-03,2026-06-03 17:24:03,2455281894,1712191,1434,aburan28,yes
2026-06-03,2026-06-03 18:23:32,2448401676,1714567,1428,nikhiljha,yes
2026-06-03,2026-06-03 19:08:04,2445362892,1712439,1428,aburan28,yes
2026-06-03,2026-06-03 20:14:55,2442213432,1724727,1416,nikhiljha,yes
2026-06-03,2026-06-03 20:42:34,2439135048,1722553,1416,aburan28,yes
2026-06-03,2026-06-03 20:43:29,2437039251,1724727,1413,nikhiljha,yes
2026-06-03,2026-06-03 20:59:39,2433948191,1724981,1411,nikhiljha,no
2026-06-03,2026-06-03 21:36:15,2430923007,1722837,1411,teddyjfpender,yes
2026-06-03,2026-06-03 22:06:17,2413540905,1781211,1355,nikhiljha,no
2026-06-03,2026-06-03 22:17:29,2410635785,1779067,1355,harrigan,yes
2026-06-03,2026-06-03 23:22:50,2409942025,1778555,1355,mpjunior92,yes
2026-06-03,2026-06-03 23:26:44,2407112785,1776467,1355,mpjunior92,yes
2026-06-03,2026-06-03 23:57:16,2405410905,1775211,1355,mpjunior92,yes
2026-06-04,2026-06-04 03:26:03,2402429905,1773011,1355,PhantasticUniverse,yes
2026-06-04,2026-06-04 06:12:51,2399448905,1770811,1355,stevenhao,no
2026-06-04,2026-06-04 07:00:59,2381382450,1763987,1350,stevenhao,no
2026-06-05,2026-06-05 05:25:58,2379298050,1762443,1350,PhantasticUniverse,yes
2026-06-05,2026-06-05 05:32:07,2271454694,1629451,1394,johnbxx,yes
2026-06-05,2026-06-05 05:53:02,2266376930,1630487,1390,robertkodra,yes
2026-06-05,2026-06-05 06:09:51,2257725570,1624263,1390,johnbxx,yes
2026-06-05,2026-06-05 06:33:52,2228168610,1602999,1390,newjordan,yes
2026-06-05,2026-06-05 06:44:32,2222564130,1598967,1390,robertkodra,yes
2026-06-05,2026-06-05 06:51:31,2221196370,1597983,1390,PhantasticUniverse,yes
2026-06-05,2026-06-05 06:54:38,2195953970,1579823,1390,newjordan,yes
2026-06-05,2026-06-05 06:54:53,2156477970,1551423,1390,johnbxx,yes
2026-06-05,2026-06-05 07:08:30,2155032370,1550383,1390,newjordan,yes
2026-06-05,2026-06-05 07:12:16,2150339730,1547007,1390,newjordan,yes
2026-06-05,2026-06-05 07:15:33,2132814610,1534399,1390,newjordan,yes
2026-06-05,2026-06-05 07:33:33,2131446850,1533415,1390,PhantasticUniverse,yes
2026-06-05,2026-06-05 07:57:06,2130373770,1532643,1390,PhantasticUniverse,yes
2026-06-05,2026-06-05 08:41:48,2130112450,1532455,1390,robertkodra,yes
2026-06-05,2026-06-05 09:08:49,2129300690,1531871,1390,robertkodra,yes
2026-06-05,2026-06-05 09:49:11,2128580670,1531353,1390,10d9e,yes
2026-06-05,2026-06-05 10:44:12,2127246270,1530393,1390,robertkodra,yes
2026-06-05,2026-06-05 11:48:41,2126009170,1529503,1390,robertkodra,yes
2026-06-05,2026-06-05 11:50:32,2112431650,1519735,1390,alexander-sei,yes
2026-06-05,2026-06-05 12:00:04,2111711630,1519217,1390,10d9e,yes
2026-06-05,2026-06-05 12:08:33,2110268810,1518179,1390,factory-sagar,yes
2026-06-05,2026-06-05 12:32:36,2092653422,1514221,1382,10d9e,yes
2026-06-05,2026-06-05 13:39:29,2091901614,1513677,1382,10d9e,yes
2026-06-05,2026-06-05 14:03:50,2091370926,1513293,1382,10d9e,yes
2026-06-05,2026-06-05 14:15:10,2089123794,1511667,1382,mpjunior92,yes
2026-06-05,2026-06-05 14:15:54,2066350440,1565417,1320,teddyjfpender,yes
2026-06-05,2026-06-05 14:25:54,2064481320,1564001,1320,newjordan,yes
2026-06-05,2026-06-05 14:30:27,2064288600,1563855,1320,newjordan,yes
2026-06-05,2026-06-05 14:34:23,2060867160,1561263,1320,PhantasticUniverse,yes
2026-06-05,2026-06-05 14:37:16,2060368200,1560885,1320,10d9e,yes
2026-06-05,2026-06-05 14:48:44,2055555480,1557239,1320,mpjunior92,yes
2026-06-05,2026-06-05 15:01:37,2054166840,1556187,1320,mpjunior92,yes
2026-06-05,2026-06-05 15:41:33,2053654290,1553445,1322,robertkodra,yes
2026-06-05,2026-06-05 15:49:09,2052625080,1555019,1320,zuiris,yes
2026-06-05,2026-06-05 16:07:48,2051896440,1554467,1320,newjordan,yes
2026-06-05,2026-06-05 16:35:14,2050755960,1553603,1320,robertkodra,yes
2026-06-05,2026-06-05 16:48:50,2050391640,1553327,1320,robertkodra,yes
2026-06-05,2026-06-05 17:04:07,2049235320,1552451,1320,robertkodra,yes
2026-06-05,2026-06-05 17:12:07,2048453880,1551859,1320,factory-sagar,yes
2026-06-05,2026-06-05 17:17:03,2047176120,1550891,1320,zuiris,yes
2026-06-05,2026-06-05 19:03:21,2046711480,1550539,1320,AnalyticETH,yes
2026-06-05,2026-06-05 19:28:53,2040438840,1545787,1320,PhantasticUniverse,yes
2026-06-05,2026-06-05 20:03:21,2037843720,1543821,1320,robertkodra,yes
2026-06-05,2026-06-05 20:06:35,2036687400,1542945,1320,robertkodra,yes
2026-06-05,2026-06-05 20:19:54,2033268600,1540355,1320,robertkodra,yes
2026-06-05,2026-06-05 20:38:26,2030459640,1538227,1320,10d9e,yes
2026-06-05,2026-06-05 20:46:54,2027030280,1535629,1320,10d9e,yes
2026-06-05,2026-06-05 20:55:02,2025879240,1534757,1320,10d9e,yes
2026-06-05,2026-06-05 21:13:11,2025245640,1534277,1320,10d9e,yes
2026-06-05,2026-06-05 21:25:49,2023711363,1534277,1319,zuiris,yes
2026-06-05,2026-06-05 21:40:44,2022023043,1532997,1319,newjordan,yes
2026-06-05,2026-06-05 21:49:58,2020184357,1531603,1319,newjordan,yes
2026-06-05,2026-06-05 22:49:17,2017979899,1536923,1313,anshu4321,yes
2026-06-05,2026-06-05 23:09:39,2016829711,1536047,1313,10d9e,yes
2026-06-05,2026-06-05 23:40:23,2016617005,1535885,1313,BitWonka,yes
2026-06-06,2026-06-06 00:03:52,2015936871,1535367,1313,anshu4321,yes
2026-06-06,2026-06-06 00:28:34,2014786683,1534491,1313,BitWonka,yes
2026-06-06,2026-06-06 00:53:46,2013389651,1533427,1313,newjordan,yes
2026-06-06,2026-06-06 01:49:28,1993816760,1518520,1313,johnbxx,yes
2026-06-06,2026-06-06 02:37:25,1993136626,1518002,1313,newjordan,yes
2026-06-06,2026-06-06 02:44:26,1992692832,1517664,1313,newjordan,yes
2026-06-06,2026-06-06 02:50:04,1992012698,1517146,1313,newjordan,yes
2026-06-06,2026-06-06 03:00:54,1991332564,1516628,1313,newjordan,yes
2026-06-06,2026-06-06 03:08:12,1990208636,1515772,1313,newjordan,yes
2026-06-06,2026-06-06 03:15:03,1986336599,1512823,1313,newjordan,yes
2026-06-06,2026-06-06 05:48:38,1985678387,1516943,1309,runeape-sats,yes
2026-06-06,2026-06-06 07:49:17,1984166492,1515788,1309,welttowelt,yes
2026-06-06,2026-06-06 08:15:13,1982805132,1514748,1309,welttowelt,yes
2026-06-06,2026-06-06 08:19:19,1978786502,1511678,1309,zuiris,yes
2026-06-06,2026-06-06 10:30:00,1978456675,1539655,1285,runeape-sats,yes
2026-06-06,2026-06-06 10:32:45,1977629346,1510794,1309,zuiris,yes
2026-06-06,2026-06-06 10:59:49,1977341295,1538787,1285,runeape-sats,yes
2026-06-06,2026-06-06 12:17:14,1971410287,1506043,1309,Gajesh2007,yes
2026-06-06,2026-06-06 12:45:08,1970059399,1505011,1309,zuiris,yes
2026-06-06,2026-06-06 13:35:31,1969918027,1504903,1309,runeape-sats,yes
2026-06-06,2026-06-06 14:23:04,1969242583,1504387,1309,10d9e,yes
2026-06-06,2026-06-06 15:17:48,1968793475,1532135,1285,jieyilong,yes
2026-06-06,2026-06-06 15:42:06,1968567139,1503871,1309,welttowelt,yes
2026-06-06,2026-06-06 16:47:41,1967891695,1503355,1309,jackylee0424,yes
2026-06-06,2026-06-06 17:40:29,1960613655,1497795,1309,welttowelt,yes
2026-06-06,2026-06-06 17:58:37,1953154973,1492097,1309,jieyilong,yes
2026-06-06,2026-06-06 18:03:19,1956879078,1494942,1309,jackylee0424,yes
2026-06-06,2026-06-06 18:04:58,1953154973,1492097,1309,jieyilong,yes
2026-06-06,2026-06-06 18:11:01,1949378508,1489212,1309,jieyilong,yes
2026-06-06,2026-06-06 18:31:41,1946400084,1489212,1307,zuiris,yes
2026-06-06,2026-06-06 18:55:02,1945723058,1488694,1307,jackylee0424,yes
2026-06-06,2026-06-06 19:09:48,1945061716,1488188,1307,teddyjfpender,yes
2026-06-06,2026-06-06 19:36:39,1944384690,1487670,1307,jackylee0424,yes
2026-06-06,2026-06-06 20:58:45,1940606153,1484779,1307,zuiris,yes
2026-06-07,2026-06-07 03:00:16,1939939583,1484269,1307,BitWonka,yes
2026-06-07,2026-06-07 04:08:14,1939751375,1484125,1307,BitWonka,yes
2026-06-07,2026-06-07 06:14:29,1922289855,1470765,1307,BitWonka,yes
2026-06-07,2026-06-07 06:28:40,1922289855,1470765,1307,BitWonka,yes
2026-06-07,2026-06-07 08:03:14,1920798194,1470749,1306,zuiris,yes
2026-06-07,2026-06-07 08:17:19,1917944080,1467440,1307,welttowelt,yes
2026-06-07,2026-06-07 08:43:27,1916455744,1467424,1306,jieyilong,yes
2026-06-07,2026-06-07 08:58:48,1912381024,1464304,1306,newjordan,yes
2026-06-07,2026-06-07 09:42:36,1911704516,1463786,1306,jackylee0424,yes
2026-06-07,2026-06-07 10:32:12,1907351618,1460453,1306,welttowelt,yes
2026-06-07,2026-06-07 16:22:23,1906003826,1459421,1306,welttowelt,yes
2026-06-07,2026-06-07 17:22:46,1901228574,1460237,1302,zuiris,yes
2026-06-07,2026-06-07 18:21:43,1899562014,1458957,1302,zuiris,yes
2026-06-07,2026-06-07 20:30:00,1896965826,1456963,1302,zuiris,yes
2026-06-07,2026-06-07 22:28:23,1893823629,1460157,1297,jackylee0424,yes
2026-06-07,2026-06-07 22:53:28,1892934834,1453867,1302,BitWonka,yes
2026-06-08,2026-06-08 04:10:40,1892824900,1454900,1301,gnuchev,yes
2026-06-08,2026-06-08 05:41:02,1891349200,1454884,1300,gnuchev,yes
2026-06-08,2026-06-08 08:59:52,1825275400,1404058,1300,BitWonka,yes
2026-06-08,2026-06-08 11:53:37,1824581200,1403524,1300,SamrendraS,yes
2026-06-08,2026-06-08 13:02:19,1823175078,1403522,1299,SamrendraS,yes
2026-06-08,2026-06-08 16:16:25,1822107738,1403781,1298,SamrendraS,yes
2026-06-08,2026-06-08 16:59:18,1820670235,1403755,1297,SamrendraS,yes
2026-06-08,2026-06-08 18:32:15,1820641701,1403733,1297,jackylee0424,yes
2026-06-08,2026-06-08 19:22:46,1798705540,1386820,1297,BitWonka,yes
2026-06-08,2026-06-08 22:49:25,1786833620,1390532,1285,BitWonka,yes
2026-06-09,2026-06-09 02:56:33,1785547335,1389531,1285,jackylee0424,yes
2026-06-09,2026-06-09 07:41:42,1783729060,1388116,1285,zuiris,yes
2026-06-09,2026-06-09 11:25:56,1780286545,1385437,1285,zuiris,yes
2026-06-09,2026-06-09 13:42:41,1779704440,1384984,1285,SamrendraS,yes
2026-06-09,2026-06-09 21:06:49,1776720670,1382662,1285,Gajesh2007,yes
2026-06-09,2026-06-09 22:48:51,1776069175,1382155,1285,BitWonka,yes
2026-06-09,2026-06-09 23:19:02,1774746910,1381126,1285,BitWonka,yes
2026-06-10,2026-06-10 00:09:29,1774726350,1381110,1285,jackylee0424,yes
2026-06-10,2026-06-10 00:10:34,1768166425,1376005,1285,BitWonka,yes
2026-06-10,2026-06-10 05:00:33,1766121990,1374414,1285,BitWonka,yes
2026-06-10,2026-06-10 10:03:45,1765489770,1373922,1285,jieyilong,yes
2026-06-10,2026-06-10 11:36:25,1759744004,1435354,1226,welttowelt,yes
2026-06-10,2026-06-10 11:56:02,1747286618,1425193,1226,BitWonka,yes
2026-06-10,2026-06-10 14:20:52,1743798012,1428172,1221,zuiris,yes
2026-06-10,2026-06-10 18:17:01,1743174081,1427661,1221,jieyilong,yes
2026-06-10,2026-06-10 23:32:08,1716174108,1405548,1221,BitWonka,yes
2026-06-11,2026-06-11 03:45:39,1713124000,1404200,1220,BitWonka,yes
2026-06-11,2026-06-11 08:07:34,1713097160,1404178,1220,jackylee0424,yes
2026-06-11,2026-06-11 10:07:11,1709962980,1401609,1220,zuiris,yes
2026-06-11,2026-06-11 12:09:47,1708341222,1402579,1218,zuiris,yes
2026-06-11,2026-06-11 15:40:57,1707869856,1402192,1218,nasqret,yes
2026-06-11,2026-06-11 17:08:56,1705055670,1403338,1215,BitWonka,yes
2026-06-11,2026-06-11 18:40:55,1704784725,1403115,1215,nasqret,yes
2026-06-11,2026-06-11 19:26:34,1703067769,1404013,1213,BitWonka,yes
2026-06-11,2026-06-11 22:50:58,1702054020,1404335,1212,jackylee0424,yes
2026-06-12,2026-06-12 02:37:08,1701341166,1404906,1211,BitWonka,yes
2026-06-12,2026-06-12 04:41:06,1701048104,1404664,1211,mpjunior92,yes
2026-06-12,2026-06-12 14:36:16,1700420806,1404146,1211,rubenmarcus,yes
2026-06-12,2026-06-12 16:14:11,1699653032,1403512,1211,rubenmarcus,yes
2026-06-12,2026-06-12 21:17:12,1697398113,1410971,1203,BitWonka,yes
2026-06-13,2026-06-13 06:59:49,1684982463,1412391,1193,BitWonka,yes
2026-06-13,2026-06-13 10:56:49,1683610600,1412425,1192,jieyilong,yes
2026-06-13,2026-06-13 14:39:29,1683083736,1411983,1192,nasqret,yes
2026-06-13,2026-06-13 16:14:47,1681025595,1418587,1185,nasqret,yes
2026-06-14,2026-06-14 02:15:00,1678948830,1434999,1170,nasqret,yes
2026-06-14,2026-06-14 12:54:36,1678629420,1434726,1170,gnuchev,yes
2026-06-14,2026-06-14 14:08:43,1678360320,1434496,1170,gnuchev,yes
2026-06-14,2026-06-14 18:12:51,1677861900,1434070,1170,nasqret,yes
2026-06-15,2026-06-15 03:10:03,1676067120,1432536,1170,rubenmarcus,yes
2026-06-15,2026-06-15 19:34:38,1674533568,1433676,1168,BitWonka,yes
2026-06-16,2026-06-16 02:21:02,1672963776,1432332,1168,mpjunior92,yes
2026-06-18,2026-06-18 18:44:06,1672133328,1431621,1168,BitWonka,yes
2026-06-19,2026-06-19 01:37:29,1669072000,1429000,1168,benhuang2025,yes
2026-06-19,2026-06-19 04:18:44,1660163697,1422591,1167,tob-joe,yes
2026-06-19,2026-06-19 05:45:30,1660160196,1422588,1167,jackylee0424,yes
2026-06-19,2026-06-19 06:04:08,1658770256,1422616,1166,PhantasticUniverse,yes
2026-06-19,2026-06-19 06:43:30,1658739940,1422590,1166,jackylee0424,yes
2026-06-19,2026-06-19 06:51:15,1658735276,1422586,1166,jackylee0424,yes
2026-06-19,2026-06-19 06:52:06,1658708458,1422563,1166,jieyilong,yes
2026-06-19,2026-06-19 07:25:58,1658681640,1422540,1166,jieyilong,yes
2026-06-19,2026-06-19 07:52:43,1658362156,1422266,1166,bket7,yes
2026-06-19,2026-06-19 08:12:20,1658352828,1422258,1166,rubenmarcus,no
2026-06-19,2026-06-19 08:34:02,1657099378,1421183,1166,nasqret,yes
2026-06-19,2026-06-19 08:44:16,1651176098,1416103,1166,BitWonka,yes
2026-06-19,2026-06-19 09:20:55,1651138786,1416071,1166,DavetheSlayer,yes
2026-06-19,2026-06-19 10:03:17,1651099142,1416037,1166,gnuchev,yes
2026-06-19,2026-06-19 10:16:12,1651075822,1416017,1166,gnuchev,yes
2026-06-19,2026-06-19 10:59:22,1649697610,1414835,1166,gopikannappan,yes
2026-06-19,2026-06-19 11:56:51,1649235874,1414439,1166,gnuchev,yes
2026-06-19,2026-06-19 12:41:52,1649234708,1414438,1166,jackylee0424,yes
2026-06-19,2026-06-19 12:43:58,1648771806,1414041,1166,gopikannappan,yes
2026-06-19,2026-06-19 12:54:42,1646712355,1413487,1165,BitWonka,yes
2026-06-19,2026-06-19 13:09:23,1646703035,1413479,1165,jackylee0424,yes
2026-06-19,2026-06-19 13:50:14,1646656435,1413439,1165,jackylee0424,yes
2026-06-19,2026-06-19 14:17:42,1646299945,1413133,1165,gopikannappan,yes
2026-06-19,2026-06-19 14:31:28,1645269768,1413462,1164,BitWonka,yes
2026-06-19,2026-06-19 15:03:31,1644083652,1412443,1164,PhantasticUniverse,yes
2026-06-19,2026-06-19 15:43:03,1643656464,1412076,1164,gopikannappan,yes
2026-06-19,2026-06-19 16:07:48,1643554032,1411988,1164,PhantasticUniverse,yes
2026-06-19,2026-06-19 17:52:29,1643548212,1411983,1164,jackylee0424,yes
2026-06-19,2026-06-19 18:42:29,1642623526,1412402,1163,BitWonka,yes
2026-06-19,2026-06-19 19:50:27,1641531000,1410250,1164,alexander-sei,yes
2026-06-19,2026-06-19 20:31:22,1641521688,1410242,1164,gopikannappan,yes
2026-06-19,2026-06-19 20:38:12,1619139132,1391013,1164,alexander-sei,yes
2026-06-19,2026-06-19 21:18:20,1619126328,1391002,1164,jackylee0424,yes
2026-06-19,2026-06-19 21:24:14,1619108868,1390987,1164,gopikannappan,yes
2026-06-19,2026-06-19 21:37:17,1619096064,1390976,1164,gopikannappan,yes
2026-06-19,2026-06-19 21:43:10,1619068128,1390952,1164,nasqret,yes
2026-06-19,2026-06-19 22:29:51,1618690992,1390628,1164,nasqret,yes
2026-06-20,2026-06-20 03:28:08,1616813772,1391406,1162,jieyilong,yes
2026-06-20,2026-06-20 04:30:57,1615964904,1388286,1164,0xLucqs,yes
2026-06-20,2026-06-20 05:50:50,1614133038,1389099,1162,gnuchev,yes
2026-06-20,2026-06-20 06:19:35,1614062156,1389038,1162,BitWonka,yes
2026-06-20,2026-06-20 09:45:04,1614059832,1389036,1162,welttowelt,yes
2026-06-20,2026-06-20 10:18:35,1608900620,1388180,1159,nasqret,yes
2026-06-20,2026-06-20 14:54:01,1607030040,1380610,1164,gopikannappan,yes
2026-06-20,2026-06-20 16:04:54,1607009088,1380592,1164,welttowelt,yes
2026-06-20,2026-06-20 16:19:00,1600244049,1380711,1159,BitWonka,yes
2026-06-20,2026-06-20 17:42:08,1600055132,1380548,1159,bket7,yes
2026-06-20,2026-06-20 18:01:00,1598719964,1379396,1159,bket7,yes
2026-06-20,2026-06-20 18:20:18,1598512503,1379217,1159,bket7,yes
2026-06-20,2026-06-20 19:08:27,1598068606,1378834,1159,BitWonka,yes
2026-06-20,2026-06-20 19:37:43,1597839124,1378636,1159,BitWonka,yes
2026-06-20,2026-06-20 21:57:06,1597837965,1378635,1159,jackylee0424,yes
2026-06-20,2026-06-20 22:54:49,1597689730,1380890,1157,jieyilong,yes
2026-06-20,2026-06-20 23:04:53,1597538943,1378377,1159,BitWonka,yes
2026-06-20,2026-06-20 23:10:11,1597382478,1378242,1159,gopikannappan,yes
2026-06-21,2026-06-21 01:16:01,1597379001,1378239,1159,newjordan,yes
2026-06-21,2026-06-21 01:47:59,1597338436,1378204,1159,welttowelt,yes
2026-06-21,2026-06-21 06:08:38,1597055640,1377960,1159,gnuchev,yes
2026-06-21,2026-06-21 09:05:20,1596706504,1381234,1156,BitWonka,yes
2026-06-21,2026-06-21 10:32:30,1582755898,1365622,1159,zuiris,yes
2026-06-21,2026-06-21 14:23:56,1581316420,1364380,1159,mpjunior92,yes
2026-06-22,2026-06-22 09:10:16,1579371128,1366238,1156,BitWonka,yes
2026-06-22,2026-06-22 11:26:37,1579049760,1365960,1156,BitWonka,yes
2026-06-23,2026-06-23 03:06:01,1577963120,1365020,1156,BitWonka,yes
2026-06-23,2026-06-23 08:10:07,1577865511,1368487,1153,jieyilong,yes
2026-06-25,2026-06-25 00:53:21,1577857440,1368480,1153,welttowelt,yes
2026-06-25,2026-06-25 02:08:56,1577853981,1368477,1153,welttowelt,yes
2026-06-25,2026-06-25 14:18:31,1577850522,1368474,1153,welttowelt,yes
2026-06-26,2026-06-26 03:19:46,1576955794,1367698,1153,BitWonka,yes
2026-06-26,2026-06-26 17:06:51,1571592960,1364230,1152,BitWonka,yes
2026-07-07,2026-07-07 16:34:11,1521518976,1320763,1152,mochimodev,yes
2026-07-07,2026-07-07 16:43:42,1521518976,1320763,1152,mochimodev,yes
2026-07-07,2026-07-07 17:10:29,1521518976,1320763,1152,mochimodev,yes
2026-07-11,2026-07-11 05:52:24,1519170048,1318724,1152,mochimodev,yes
2026-07-18,2026-07-18 02:44:59,1519161984,1318717,1152,jackylee0424,yes
2026-07-20,2026-07-20 21:12:21,1518713856,1318328,1152,mochimodev,yes
2026-07-23,2026-07-23 12:22:37,1517633280,1317390,1152,mochimodev,yes
2026-07-23,2026-07-23 20:37:21,1516125312,1316081,1152,mochimodev,yes
2026-07-26,2026-07-26 00:09:59,1509446491,1309147,1153,Gajesh2007,yes
2026-07-26,2026-07-26 03:45:24,1502937216,1304633,1152,Gajesh2007,yes
2026-07-26,2026-07-26 04:49:37,1498369498,1301798,1151,Gajesh2007,yes
2026-07-26,2026-07-26 08:18:48,1496889858,1292651,1158,Gajesh2007,yes
2026-07-26,2026-07-26 09:19:38,1495670403,1299453,1151,gopikannappan,yes
2026-07-26,2026-07-26 14:37:33,1493607198,1294287,1154,gopikannappan,yes
2026-07-26,2026-07-26 22:01:09,1493577194,1294261,1154,jackylee0424,yes
2026-07-26,2026-07-26 22:33:37,1493000064,1296007,1152,Gajesh2007,yes
2026-07-27,2026-07-27 10:46:47,1491298044,1292286,1154,gopikannappan,yes
2026-07-27,2026-07-27 21:24:56,1491288812,1292278,1154,jackylee0424,yes
2026-07-28,2026-07-28 09:22:39,1491208032,1292208,1154,gopikannappan,yes
2026-07-28,2026-07-28 21:22:46,1490811056,1291864,1154,jackylee0424,yes
2026-07-28,2026-07-28 22:13:48,1490805286,1291859,1154,jackylee0424,yes
2026-07-30,2026-07-30 05:36:29,1489240462,1290503,1154,gopikannappan,yes
2026-07-30,2026-07-30 10:18:52,1489216228,1290482,1154,yudduy,yes
2026-07-30,2026-07-30 11:13:46,1488395734,1289771,1154,gopikannappan,yes
2026-07-30,2026-07-30 22:58:28,1488026454,1289451,1154,gopikannappan,yes
2026-08-01,2026-08-01 04:51:30,1487960676,1289394,1154,yudduy,yes
2026-08-01,2026-08-01 06:33:51,1487599474,1289081,1154,yudduy,yes
2026-08-01,2026-08-01 08:06:16,1487590242,1289073,1154,yudduy,yes
2026-08-03,2026-08-03 07:01:05,1486468554,1288101,1154,gopikannappan,yes
2026-08-06,2026-08-06 21:46:37,1484750248,1286612,1154,junpenglao,yes
2026-08-07,2026-08-07 00:47:57,1483667796,1285674,1154,junpenglao,yes
2026-08-07,2026-08-07 16:55:56,1483650486,1285659,1154,jackylee0424,yes
2026-08-08,2026-08-08 02:51:26,1483649332,1285658,1154,edi3on,yes
2026-08-10,2026-08-10 23:52:33,1482793064,1284916,1154,gopikannappan,yes
