quantity,sigma,year,value,value_float,attribution
mu,1/2,1920,5/28,0.17857142857142858,van der Corput
mu,1/2,1921,5/28,0.17857142857142858,van der Corput
mu,1/2,1922,5/28,0.17857142857142858,van der Corput
mu,1/2,1924,5/28,0.17857142857142858,van der Corput
mu,1/2,1931,27/164,0.16463414634146342,Titchmarsh
mu,1/2,1933,229/1392,0.16451149425287356,Phillips
mu,1/2,1940,229/1392,0.16451149425287356,Phillips
mu,1/2,1942,19/116,0.16379310344827586,Titchmarsh
mu,1/2,1949,15/92,0.16304347826086957,Min
mu,1/2,1963,6/37,0.16216216216216217,Haneke
mu,1/2,1971,6/37,0.16216216216216217,Haneke
mu,1/2,1972,6/37,0.16216216216216217,Haneke
mu,1/2,1973,173/1067,0.16213683223992503,Kolesnik
mu,1/2,1975,173/1067,0.16213683223992503,Kolesnik
mu,1/2,1977,173/1067,0.16213683223992503,Kolesnik
mu,1/2,1978,173/1067,0.16213683223992503,Kolesnik
mu,1/2,1979,173/1067,0.16213683223992503,Kolesnik
mu,1/2,1980,173/1067,0.16213683223992503,Kolesnik
mu,1/2,1982,35/216,0.16203703703703703,Kolesnik
mu,1/2,1983,35/216,0.16203703703703703,Kolesnik
mu,1/2,1984,35/216,0.16203703703703703,Kolesnik
mu,1/2,1985,139/858,0.16200466200466201,Kolesnik
mu,1/2,1988,9/56,0.16071428571428573,Huxley--Watt
mu,1/2,1989,89/560,0.15892857142857142,Watt
mu,1/2,1990,89/560,0.15892857142857142,Watt
mu,1/2,1991,17/108,0.1574074074074074,Huxley--Kolesnik
mu,1/2,1993,89/570,0.156140350877193,Huxley
mu,1/2,1995,89/570,0.156140350877193,Sargos
mu,1/2,1996,89/570,0.156140350877193,Huxley
mu,1/2,2000,89/570,0.156140350877193,Huxley
mu,1/2,2001,89/570,0.156140350877193,Huxley
mu,1/2,2002,89/570,0.156140350877193,Huxley
mu,1/2,2003,89/570,0.156140350877193,Huxley
mu,1/2,2005,32/205,0.15609756097560976,Huxley
mu,1/2,2014,32/205,0.15609756097560976,Huxley
mu,1/2,2016,32/205,0.15609756097560976,Huxley
mu,1/2,2017,13/84,0.15476190476190477,Bourgain
mu,1/2,2020,13/84,0.15476190476190477,Bourgain
mu,1/2,2023,13/84,0.15476190476190477,Trudgian--Yang
mu,1/2,2024,13/84,0.15476190476190477,Trudgian--Yang
mu,3/5,1920,9/70,0.12857142857142856,van der Corput
mu,3/5,1921,9/70,0.12857142857142856,van der Corput
mu,3/5,1922,9/70,0.12857142857142856,van der Corput
mu,3/5,1924,9/70,0.12857142857142856,van der Corput
mu,3/5,1931,149/1230,0.12113821138211382,Titchmarsh
mu,3/5,1933,158/1305,0.1210727969348659,Phillips
mu,3/5,1940,158/1305,0.1210727969348659,Phillips
mu,3/5,1942,7/58,0.1206896551724138,Titchmarsh
mu,3/5,1949,83/690,0.12028985507246377,Min
mu,3/5,1963,133/1110,0.11981981981981982,Haneke
mu,3/5,1971,133/1110,0.11981981981981982,Haneke
mu,3/5,1972,133/1110,0.11981981981981982,Haneke
mu,3/5,1973,767/6402,0.11980631052796001,Kolesnik
mu,3/5,1975,767/6402,0.11980631052796001,Kolesnik
mu,3/5,1977,767/6402,0.11980631052796001,Kolesnik
mu,3/5,1978,767/6402,0.11980631052796001,Kolesnik
mu,3/5,1979,767/6402,0.11980631052796001,Kolesnik
mu,3/5,1980,767/6402,0.11980631052796001,Kolesnik
mu,3/5,1982,97/810,0.11975308641975309,Kolesnik
mu,3/5,1983,97/810,0.11975308641975309,Kolesnik
mu,3/5,1984,97/810,0.11975308641975309,Kolesnik
mu,3/5,1985,1541/12870,0.11973581973581973,Kolesnik
mu,3/5,1988,599/5180,0.11563706563706563,Huxley--Watt
mu,3/5,1989,59581/516600,0.11533294618660472,Watt
mu,3/5,1990,59581/516600,0.11533294618660472,Watt
mu,3/5,1991,1103/9585,0.11507563901930098,Huxley--Kolesnik
mu,3/5,1993,30608/266475,0.11486255746317665,Huxley
mu,3/5,1995,188944/1662975,0.1136180640117861,Sargos
mu,3/5,1996,23174663/204061860,0.11356685173799749,Huxley
mu,3/5,2000,23174663/204061860,0.11356685173799749,Huxley
mu,3/5,2001,23174663/204061860,0.11356685173799749,Huxley
mu,3/5,2002,23174663/204061860,0.11356685173799749,Huxley
mu,3/5,2003,23174663/204061860,0.11356685173799749,Huxley
mu,3/5,2005,23174663/204061860,0.11356685173799749,Huxley
mu,3/5,2014,23174663/204061860,0.11356685173799749,Huxley
mu,3/5,2016,23174663/204061860,0.11356685173799749,Huxley
mu,3/5,2017,79567/703080,0.11316919838425214,Bourgain
mu,3/5,2020,79567/703080,0.11316919838425214,Bourgain
mu,3/5,2023,349193/3103060,0.11253182342590862,Trudgian--Yang
mu,3/5,2024,349193/3103060,0.11253182342590862,Trudgian--Yang
mu,3/4,1920,3/50,0.06,van der Corput
mu,3/4,1921,3/50,0.06,van der Corput
mu,3/4,1922,3/50,0.06,van der Corput
mu,3/4,1924,3/50,0.06,van der Corput
mu,3/4,1931,3/50,0.06,van der Corput
mu,3/4,1933,3/50,0.06,van der Corput
mu,3/4,1940,3/50,0.06,van der Corput
mu,3/4,1942,3/50,0.06,van der Corput
mu,3/4,1949,3/50,0.06,van der Corput
mu,3/4,1963,3/50,0.06,van der Corput
mu,3/4,1971,3/50,0.06,van der Corput
mu,3/4,1972,3/50,0.06,van der Corput
mu,3/4,1973,3/50,0.06,van der Corput
mu,3/4,1975,3/50,0.06,van der Corput
mu,3/4,1977,3/50,0.06,van der Corput
mu,3/4,1978,3/50,0.06,van der Corput
mu,3/4,1979,3/50,0.06,van der Corput
mu,3/4,1980,3/50,0.06,van der Corput
mu,3/4,1982,3/50,0.06,van der Corput
mu,3/4,1983,3/50,0.06,van der Corput
mu,3/4,1984,3/50,0.06,van der Corput
mu,3/4,1985,3/50,0.06,van der Corput
mu,3/4,1988,333/5744,0.05797353760445682,Huxley--Watt
mu,3/4,1989,32841/569048,0.05771217893745343,Watt
mu,3/4,1990,32841/569048,0.05771217893745343,Watt
mu,3/4,1991,1207/20996,0.0574871404076967,Huxley--Kolesnik
mu,3/4,1993,16643/290464,0.05729797840696265,Huxley
mu,3/4,1995,103863/1820960,0.057037496705034704,Sargos
mu,3/4,1996,140596251/2469988366,0.05692182721803152,Huxley
mu,3/4,2000,140596251/2469988366,0.05692182721803152,Huxley
mu,3/4,2001,140596251/2469988366,0.05692182721803152,Huxley
mu,3/4,2002,140596251/2469988366,0.05692182721803152,Huxley
mu,3/4,2003,140596251/2469988366,0.05692182721803152,Huxley
mu,3/4,2005,140596251/2469988366,0.05692182721803152,Huxley
mu,3/4,2014,140596251/2469988366,0.05692182721803152,Huxley
mu,3/4,2016,140596251/2469988366,0.05692182721803152,Huxley
mu,3/4,2017,10881/191621,0.056783964179291414,Bourgain
mu,3/4,2020,10881/191621,0.056783964179291414,Bourgain
mu,3/4,2023,9615193/170145110,0.05651172108325652,Trudgian--Yang
mu,3/4,2024,9615193/170145110,0.05651172108325652,Trudgian--Yang
mu,7/8,1920,3/130,0.023076923076923078,van der Corput
mu,7/8,1921,3/130,0.023076923076923078,van der Corput
mu,7/8,1922,3/130,0.023076923076923078,van der Corput
mu,7/8,1924,3/130,0.023076923076923078,van der Corput
mu,7/8,1931,3/130,0.023076923076923078,van der Corput
mu,7/8,1933,3/130,0.023076923076923078,van der Corput
mu,7/8,1940,3/130,0.023076923076923078,van der Corput
mu,7/8,1942,3/130,0.023076923076923078,van der Corput
mu,7/8,1949,3/130,0.023076923076923078,van der Corput
mu,7/8,1963,3/130,0.023076923076923078,van der Corput
mu,7/8,1971,3/130,0.023076923076923078,van der Corput
mu,7/8,1972,3/130,0.023076923076923078,van der Corput
mu,7/8,1973,3/130,0.023076923076923078,van der Corput
mu,7/8,1975,3/130,0.023076923076923078,van der Corput
mu,7/8,1977,3/130,0.023076923076923078,van der Corput
mu,7/8,1978,3/130,0.023076923076923078,van der Corput
mu,7/8,1979,3/130,0.023076923076923078,van der Corput
mu,7/8,1980,3/130,0.023076923076923078,van der Corput
mu,7/8,1982,3/130,0.023076923076923078,van der Corput
mu,7/8,1983,3/130,0.023076923076923078,van der Corput
mu,7/8,1984,3/130,0.023076923076923078,van der Corput
mu,7/8,1985,3/130,0.023076923076923078,van der Corput
mu,7/8,1988,518/23181,0.022345886717570426,Huxley--Watt
mu,7/8,1989,51660/2313161,0.022333075821354416,Watt
mu,7/8,1990,51660/2313161,0.022333075821354416,Watt
mu,7/8,1991,1917/85879,0.022322104356128972,Huxley--Kolesnik
mu,7/8,1993,53295/2388526,0.022312924372604695,Huxley
mu,7/8,1995,103863/4698208,0.022106939496931596,Sargos
mu,7/8,1996,140596251/6362429762,0.022097886540095056,Huxley
mu,7/8,2000,140596251/6362429762,0.022097886540095056,Huxley
mu,7/8,2001,140596251/6362429762,0.022097886540095056,Huxley
mu,7/8,2002,140596251/6362429762,0.022097886540095056,Huxley
mu,7/8,2003,140596251/6362429762,0.022097886540095056,Huxley
mu,7/8,2005,140596251/6362429762,0.022097886540095056,Huxley
mu,7/8,2014,140596251/6362429762,0.022097886540095056,Huxley
mu,7/8,2016,140596251/6362429762,0.022097886540095056,Huxley
mu,7/8,2017,533/24824,0.02147115694489204,Heath-Brown
mu,7/8,2020,533/24824,0.02147115694489204,Heath-Brown
mu,7/8,2023,30935/1442216,0.021449630291163042,Trudgian--Yang
mu,7/8,2024,30935/1442216,0.021449630291163042,Trudgian--Yang
A,3/4,1921,3,3.0,Carlson
A,3/4,1922,3,3.0,Carlson
A,3/4,1924,3,3.0,Carlson
A,3/4,1931,3,3.0,Carlson
A,3/4,1933,3,3.0,Carlson
A,3/4,1940,12/5,2.4,Ingham
A,3/4,1942,12/5,2.4,Ingham
A,3/4,1949,12/5,2.4,Ingham
A,3/4,1963,12/5,2.4,Ingham
A,3/4,1971,12/5,2.4,Ingham
A,3/4,1972,12/5,2.4,Huxley
A,3/4,1973,12/5,2.4,Huxley
A,3/4,1975,12/5,2.4,Huxley
A,3/4,1977,12/5,2.4,Huxley
A,3/4,1978,12/5,2.4,Huxley
A,3/4,1979,12/5,2.4,Huxley
A,3/4,1980,12/5,2.4,Huxley
A,3/4,1982,12/5,2.4,Huxley
A,3/4,1983,12/5,2.4,Huxley
A,3/4,1984,12/5,2.4,Huxley
A,3/4,1985,12/5,2.4,Huxley
A,3/4,1988,12/5,2.4,Huxley
A,3/4,1989,12/5,2.4,Huxley
A,3/4,1990,12/5,2.4,Huxley
A,3/4,1991,12/5,2.4,Huxley
A,3/4,1993,12/5,2.4,Huxley
A,3/4,1995,12/5,2.4,Ivi{\'c}
A,3/4,1996,12/5,2.4,Ivi{\'c}
A,3/4,2000,12/5,2.4,Ivi{\'c}
A,3/4,2001,12/5,2.4,Ivi{\'c}
A,3/4,2002,12/5,2.4,Ivi{\'c}
A,3/4,2003,12/5,2.4,Ingham
A,3/4,2005,12/5,2.4,Ingham
A,3/4,2014,12/5,2.4,Ingham
A,3/4,2016,12/5,2.4,Ingham
A,3/4,2017,12/5,2.4,Ingham
A,3/4,2020,12/5,2.4,Ingham
A,3/4,2023,12/5,2.4,Ingham
A,3/4,2024,20/9,2.2222222222222223,Guth--Maynard
A,9/10,1921,18/5,3.6,Carlson
A,9/10,1922,18/5,3.6,Carlson
A,9/10,1924,18/5,3.6,Carlson
A,9/10,1931,18/5,3.6,Carlson
A,9/10,1933,18/5,3.6,Carlson
A,9/10,1940,30/11,2.727272727272727,Ingham
A,9/10,1942,30/11,2.727272727272727,Ingham
A,9/10,1949,30/11,2.727272727272727,Ingham
A,9/10,1963,30/11,2.727272727272727,Ingham
A,9/10,1971,30/11,2.727272727272727,Ingham
A,9/10,1972,30/17,1.7647058823529411,Huxley
A,9/10,1973,30/17,1.7647058823529411,Huxley
A,9/10,1975,5/3,1.6666666666666667,Huxley
A,9/10,1977,5/3,1.6666666666666667,Huxley
A,9/10,1978,5/3,1.6666666666666667,Huxley
A,9/10,1979,20/13,1.5384615384615385,Heath-Brown
A,9/10,1980,3/2,1.5,Ivic
A,9/10,1982,3/2,1.5,Ivic
A,9/10,1983,3/2,1.5,Ivic
A,9/10,1984,3/2,1.5,Ivic
A,9/10,1985,3/2,1.5,Ivic
A,9/10,1988,3/2,1.5,Ivic
A,9/10,1989,3/2,1.5,Ivic
A,9/10,1990,3/2,1.5,Ivic
A,9/10,1991,3/2,1.5,Ivic
A,9/10,1993,3/2,1.5,Ivic
A,9/10,1995,3/2,1.5,Ivic
A,9/10,1996,3/2,1.5,Ivic
A,9/10,2000,3/2,1.5,Ivic
A,9/10,2001,3/2,1.5,Ivic
A,9/10,2002,3/2,1.5,Ivic
A,9/10,2003,3/2,1.5,Ivic
A,9/10,2005,3/2,1.5,Ivic
A,9/10,2014,3/2,1.5,Ivic
A,9/10,2016,3/2,1.5,Ivic
A,9/10,2017,3/2,1.5,Ivic
A,9/10,2020,3/2,1.5,Ivic
A,9/10,2023,3/2,1.5,Ivic
A,9/10,2024,3/2,1.5,Ivic
