problem,status,solution_year,basis,reference,reference_kind
2,disproved,2015,solving_citation,Ho15,published
4,proved,2016,solving_citation,Ma16 FGKT16,published
6,proved,2015,solving_citation,BFT15 Ma15,published
8,disproved,2015,review,Ho15,published
13,proved,2023,solving_citation,Be23,preprint
16,disproved,2023,solving_citation,Ch23,preprint
21,proved,1994,solving_citation,Ka94,published
22,proved,2015,solving_citation,FLZ15,published
24,proved,2012,review,Gr12,published
26,disproved,1951,solving_citation,DaEr51,published
27,disproved,2007,solving_citation,FFKPY07,published
29,proved,2024,review,JPSZ24,preprint
31,proved,1954,solving_citation,Lo54,published
34,disproved,1986,review,He86,published
35,proved,1970,review,Pl70,published
37,disproved,1987,solving_citation,Ru87,published
38,proved,2026,ai_wiki,2026-04-25,ai_wiki
42,solved,2026,ai_wiki,2026-04-27,ai_wiki
43,disproved,,none,,
45,proved,2003,review,Cr03,published
46,proved,2003,solving_citation,Cr03,published
47,proved,2021,solving_citation,Bl21,preprint
48,proved,2010,solving_citation,FLP10,published
49,proved,2024,solving_citation,Ta24d,published
53,proved,2003,solving_citation,Ch03,published
54,solved,2021,solving_citation,CFP21,preprint
55,solved,2021,solving_citation,CFP21,preprint
56,disproved,1994,solving_citation,AhKh94,published
57,proved,2020,review,LiMo20,preprint
58,proved,1992,solving_citation,Gy92,published
59,disproved,2016,review,MoSa16,published
63,proved,2020,review,LiMo20,preprint
67,proved,2016,solving_citation,Ta16,published
69,proved,2025,review,TaTe25,preprint
71,proved,1977,solving_citation,Bo77,published
72,proved,2005,solving_citation,Ve05,published
73,proved,1999,solving_citation,Re99,published
76,proved,2020,solving_citation,GrLe20,preprint
79,proved,2024,review,Wi24,preprint
83,proved,1997,solving_citation,AhKh97,published
88,proved,2022,solving_citation,KSSS22,preprint
90,disproved,2026,ai_wiki,2026-05-20,ai_wiki
92,disproved,,none,,
93,proved,1963,solving_citation,Al63,published
94,proved,1995,review,LeTh95,published
95,proved,2015,review,GuKa15,published
105,disproved,,none,,
109,proved,2019,solving_citation,MRR19,published
110,disproved,2020,review,La20,published
113,disproved,2023,solving_citation,Ja23b,published
115,proved,1994,solving_citation,ErLe94,published
116,proved,2025,solving_citation,KLR25,preprint
118,disproved,1999,review,Sc99 Da99,published
119,solved,,none,,
121,disproved,2024,solving_citation,Ta24,preprint
123,proved,,none,,
125,disproved,2026,review,2026-03-30,ai_wiki
127,proved,1996,solving_citation,Al96,published
133,disproved,,none,,
134,proved,,none,,
135,disproved,2024,solving_citation,Ta24c,preprint
136,solved,2022,review,BCDP22,preprint
139,proved,1975,solving_citation,Sz75,published
140,proved,2023,solving_citation,KeMe23,preprint
144,proved,1984,solving_citation,MaTe84,published
147,disproved,2023,solving_citation,Ja23,published
150,proved,2008,solving_citation,FKTV08,published
152,proved,2026,ai_wiki,2026-04-03,ai_wiki
154,proved,1998,review,Li98,published
157,proved,2023,review,Pi23,preprint
163,proved,2017,solving_citation,Le17,published
164,proved,2023,solving_citation,Li23,preprint
166,proved,2023,solving_citation,MaVe23,preprint
171,proved,1991,solving_citation,FuKa91,published
175,proved,1995,review,Ve95,published
178,proved,1981,solving_citation,Be81,published
179,proved,2020,solving_citation,FoPo20,preprint
182,proved,2023,solving_citation,JaSu23,published
185,proved,1991,solving_citation,FuKa91,published
186,solved,2024,review,PhZa24,preprint
189,disproved,2023,review,Ko23,preprint
190,solved,2025,review,Hu25b,published
191,proved,2003,solving_citation,Ro03,published
192,solved,1992,review,Ke92,published
194,disproved,2011,solving_citation,ABJ11,published
198,disproved,1975,solving_citation,Ba75 Ba75,published
199,disproved,1975,solving_citation,Ba75,published
202,solved,,none,,
204,disproved,2025,review,Ad25,preprint
205,disproved,2026,review,ai-wiki 2026-01-10,ai_wiki
206,disproved,2024,review,Ko24b,preprint
207,proved,2022,solving_citation,KSSS22b,preprint
209,disproved,1984,solving_citation,FuPa84,published
210,proved,1951,solving_citation,Mo51,published
211,proved,1983,solving_citation,Be83 SzTr83,published
214,proved,1979,solving_citation,Ju79,published
215,proved,2002,solving_citation,JaMa02,published
216,disproved,1983,review,Ho83,published
219,proved,2008,solving_citation,GrTa08,published
220,proved,1986,solving_citation,MoVa86,published
221,proved,1972,solving_citation,Ru72,published
223,solved,2009,solving_citation,Sw09,published
224,proved,1962,solving_citation,DaGr62,published
225,proved,1974,solving_citation,Kr74,published
226,proved,1970,solving_citation,BaSc70,published
227,disproved,1964,solving_citation,ClHa64,published
228,proved,2020,solving_citation,BBMST20,published
229,proved,1972,solving_citation,BaSc72,published
230,disproved,1980,review,Ka80,published
231,disproved,1992,review,Ke92,published
232,proved,2023,solving_citation,ACMVZ23,preprint
235,proved,1965,solving_citation,Ho65,published
237,proved,2022,solving_citation,ChDi22,preprint
239,proved,1967,review,Wi67,published
240,proved,1973,review,Ti73,published
245,proved,1973,solving_citation,Fr73,published
246,proved,1959,solving_citation,Bi59,published
248,proved,2025,review,TaTe25,preprint
250,proved,1996,solving_citation,Ne96,published
253,disproved,1960,solving_citation,Ca60,published
255,proved,1968,review,Sc68,published
258,proved,2026,review,2026-04-14,ai_wiki
259,proved,1999,solving_citation,ChRu99,published
262,solved,1991,review,Ha91,published
266,disproved,2024,solving_citation,KoTa24,preprint
268,proved,2024,solving_citation,Ko24,preprint
270,disproved,2025,solving_citation,CrKo25,preprint
275,proved,1970,solving_citation,CrVE70,published
277,proved,1979,solving_citation,Ha79,published
280,disproved,,none,,
281,proved,2026,ai_wiki,2026-01-17,ai_wiki
283,proved,2026,ai_wiki,2026-05-03,ai_wiki
284,proved,2001,solving_citation,Cr01,published
285,proved,2000,solving_citation,Ma00,published
286,proved,2001,solving_citation,Cr01,published
290,proved,2024,solving_citation,vD24,preprint
292,proved,2000,solving_citation,Ma00,published
294,proved,2024,solving_citation,LiSa24,preprint
296,proved,2021,review,Bl21,preprint
297,solved,2024,solving_citation,St24 LiSa24 CFHMPSV24,preprint
298,proved,2021,solving_citation,Bl21,preprint
299,disproved,2021,review,Bl21,preprint
300,solved,2024,review,LiSa24,preprint
303,proved,1991,solving_citation,BrRo91,published
305,proved,1988,review,Yo88,published
308,proved,1999,solving_citation,Cr99,published
309,disproved,,none,,
310,proved,2024,review,LiSa24,preprint
314,proved,2024,solving_citation,LiSt24,preprint
315,proved,2025,solving_citation,Ka25 LiTa25,preprint
316,disproved,1997,review,Sa97,published
318,solved,1982,solving_citation,Sa82b,published
320,solved,,none,,
321,solved,,none,,
328,disproved,1985,solving_citation,NeRo85,published
330,proved,2026,ai_wiki,2026-04-24,ai_wiki
331,disproved,,none,,
333,disproved,1977,solving_citation,ErNe77,published
337,disproved,1984,solving_citation,Tu84,published
339,proved,2003,solving_citation,HHP03,published
343,proved,2006,review,SzVu06,published
344,proved,2006,solving_citation,SzVu06,published
347,proved,2025,ai_wiki,2025-10-25,ai_wiki
350,proved,1974,review,BeEr74,published
351,proved,,none,,
353,proved,2025,review,Ko25,preprint
355,proved,2025,solving_citation,DoKo25,preprint
356,proved,2023,review,Be23b,preprint
358,proved,,none,,
360,solved,2021,review,CFP21,preprint
362,proved,1977,solving_citation,Ha77,published
363,disproved,2005,solving_citation,Ul05,published
369,proved,1998,solving_citation,BaWo98,published
370,proved,,none,,
372,proved,2001,solving_citation,Ba01,published
378,proved,1996,solving_citation,GrRa96,published
379,proved,2025,review,2025-12-21,ai_wiki
380,proved,2026,ai_wiki,2026-03-31,ai_wiki
381,disproved,1971,solving_citation,Ni71,published
384,proved,1969,solving_citation,Ec69,published
387,solved,2026,review,BNPZ26,preprint
391,proved,2025,solving_citation,ACRSTUV25,preprint
392,proved,,none,,
395,proved,2024,review,HJNS24,preprint
397,disproved,2026,ai_wiki,2026-01-10,ai_wiki
399,disproved,,none,,
401,proved,2026,ai_wiki,2026-01-11,ai_wiki
402,proved,1996,review,BaSo96,published
403,proved,1960,solving_citation,Li76,published
405,proved,1991,review,BrEr91,published
407,proved,1988,solving_citation,EGST88,published
418,proved,1995,review,BrSc95,published
419,solved,1996,solving_citation,EGIP96,published
426,disproved,2024,solving_citation,BrCh24,preprint
427,proved,2000,review,Sh00,published
429,disproved,2024,solving_citation,We24,published
433,proved,1990,solving_citation,Di90,published
434,proved,2002,solving_citation,Ki02,published
435,proved,2024,solving_citation,HwSo24,preprint
437,proved,2024,review,BPZ24,published
438,solved,2002,review,KLS02,published
439,proved,2006,solving_citation,KhSz06,published
440,solved,1980,solving_citation,ErSz80,published
441,disproved,2007,review,ChDa07,published
442,disproved,2024,solving_citation,Ta24b,preprint
443,proved,2025,solving_citation,He25,preprint
444,proved,1980,solving_citation,ErSa80,published
446,solved,2008,solving_citation,Fo08,published
447,proved,1971,review,Kl71,published
448,disproved,1981,solving_citation,ErTe81,published
449,disproved,1988,review,HaTe88,published
453,disproved,1979,solving_citation,Po79,published
457,proved,2026,ai_wiki,2026-03-02,ai_wiki
459,solved,,none,,
464,proved,1979,review,Po79b,published
465,proved,1976,review,Sa76,published
466,proved,,none,,
469,proved,,none,,
471,proved,,none,,
473,proved,,none,,
476,proved,1994,solving_citation,dSHa94,published
480,proved,1984,solving_citation,ChGr84,published
481,proved,1982,review,Kl82,published
482,solved,2006,review,St06,published
484,proved,1989,solving_citation,ESS89,published
485,proved,1987,solving_citation,Sc87,published
487,proved,1971,solving_citation,Kl71,published
490,proved,1976,solving_citation,Sz76,published
491,proved,1970,solving_citation,Wi70,published
492,disproved,1969,review,Sc69,published
493,proved,,none,,
494,proved,1962,review,GFS62,published
496,proved,1989,solving_citation,Ma89,published
497,solved,1969,solving_citation,Kl69,published
498,proved,1965,review,Kl65,published
499,proved,1962,solving_citation,MaMi62,published
502,solved,1983,review,BBS83,published
504,solved,1993,review,Se93,published
505,disproved,1993,review,KaKa93,published
511,disproved,1961,solving_citation,Po61,published
512,proved,1981,solving_citation,Ko81 MPS81,published
515,proved,1984,review,LRW84,published
516,proved,1963,solving_citation,Fu63,published
518,proved,2024,solving_citation,PVW24,preprint
519,proved,1961,solving_citation,At61b,published
523,proved,1973,solving_citation,Ha73,published
525,proved,1987,review,Ka87,published
526,solved,1972,solving_citation,Sh72,published
527,proved,2025,solving_citation,MiSa25,preprint
532,proved,1974,solving_citation,Hi74,published
533,disproved,2013,solving_citation,BaLe13,published
534,solved,1996,solving_citation,AhKh96,published
537,disproved,,none,,
540,proved,1970,solving_citation,Sz70,published
541,proved,2010,solving_citation,GHW10,published
542,solved,1959,solving_citation,ScSz59,published
543,disproved,2026,ai_wiki,2026-01-21,ai_wiki
546,proved,2011,solving_citation,Su11,published
549,disproved,2016,solving_citation,NSZ16,preprint
553,proved,2005,solving_citation,AlRo05,published
559,disproved,2000,solving_citation,RoSz00,published
565,proved,2025,review,ACDFM25,preprint
570,proved,2026,review,CFMPP26,preprint
574,disproved,1994,solving_citation,LUW94b,published
577,proved,2010,solving_citation,Wa10,published
578,proved,2000,solving_citation,Ri00,published
581,solved,1996,solving_citation,Al96,published
582,proved,1988,review,Sp88,published
586,disproved,2022,solving_citation,BBMST22,published
587,solved,2010,solving_citation,NgVu10,published
590,proved,1972,solving_citation,Ch72,published
591,proved,2010,solving_citation,Sc10,published
594,proved,1974,solving_citation,EHS74,published
599,proved,2009,solving_citation,AhBe09,published
603,solved,2026,ai_wiki,2026-04-21,ai_wiki
605,proved,1989,solving_citation,EHP89,published
606,solved,1988,solving_citation,ErSa88,published
607,proved,1983,solving_citation,SzTr83,published
608,disproved,2019,solving_citation,GHV19 GHV19,published
610,proved,2021,review,JMRS21,published
613,disproved,2001,review,Pi01,published
615,disproved,2015,solving_citation,FLZ15,published
618,proved,,none,,
619,solved,2026,ai_wiki,2026-06-09,ai_wiki
621,proved,2016,solving_citation,NoSu16,preprint
622,proved,2025,solving_citation,DKM25,preprint
630,proved,1992,solving_citation,AlTa92,published
631,proved,1994,solving_citation,Th94,published
632,disproved,2019,solving_citation,DHS19,published
633,solved,2026,review,BLZ26,preprint
636,proved,2021,solving_citation,KwSu21,preprint
637,proved,2007,solving_citation,BuSu07,published
639,proved,2004,solving_citation,KeSu04,published
641,disproved,2024,solving_citation,JSS24,preprint
645,proved,1999,solving_citation,BrLa99,published
646,proved,1997,solving_citation,Be97,published
648,solved,2025,review,Ca25b,preprint
649,disproved,,none,,
650,solved,2026,ai_wiki,2026-03-07,ai_wiki
651,disproved,2022,solving_citation,PoZa22,preprint
652,proved,2021,review,Ma21,published
656,proved,2024,solving_citation,KMRR24,published
658,proved,1991,solving_citation,FuKa91,published
659,proved,2026,ai_wiki,2026-01-13,ai_wiki
664,disproved,,none,,
666,disproved,1993,solving_citation,BDT93,published
673,proved,1982,review,Er82e,published
674,proved,1940,review,Ko40,published
678,proved,2024,solving_citation,Ca24,preprint
682,proved,2025,solving_citation,GaTa25,preprint
690,solved,2025,review,Ca25,preprint
692,disproved,2025,review,Ca25,preprint
694,solved,2026,ai_wiki,2026-05-01,ai_wiki
696,solved,2026,ai_wiki,2026-06-05,ai_wiki
697,proved,1992,solving_citation,Ha92,published
698,proved,2011,solving_citation,Be11,published
702,proved,1977,review,Fr77,published
703,proved,1987,review,FrRo87,published
705,disproved,1999,solving_citation,OD99,published
707,disproved,1947,solving_citation,Ha47,published
715,proved,1982,solving_citation,Ta82,published
716,proved,1978,solving_citation,RuSz78,published
717,proved,2013,review,FLS13,published
718,proved,1996,solving_citation,KoSz96 BoTh96,published
720,proved,1983,solving_citation,Be83b,published
721,solved,2022,review,Gr22 Sc21,published
722,proved,2014,solving_citation,Ke14,preprint
728,proved,2026,ai_wiki,2026-01-06,ai_wiki
729,proved,2026,ai_wiki,2026-01-10,ai_wiki
732,proved,,none,,
733,proved,1983,solving_citation,SzTr83,published
735,solved,2008,solving_citation,ABKPR08,published
737,proved,1983,solving_citation,Th83,published
741,solved,2026,ai_wiki,2026-04-16,ai_wiki
744,disproved,1985,review,RoTu85,published
745,proved,1980,solving_citation,KSS80,published
746,proved,1977,review,Ko77,published
747,solved,2023,review,Ka23,published
748,proved,2004,solving_citation,Gr04,published
750,proved,2026,ai_wiki,2026-05-03,ai_wiki
751,disproved,1998,solving_citation,BoVi98,published
752,proved,2008,solving_citation,SuVe08,published
753,disproved,1992,solving_citation,Al92,published
754,proved,2013,solving_citation,Sw13,published
755,proved,2025,solving_citation,CDL25b,preprint
756,proved,2024,solving_citation,Bh24,preprint
758,solved,,none,,
759,solved,1997,solving_citation,GiTh97,published
760,proved,1997,solving_citation,AKS97,published
762,disproved,2024,solving_citation,St24b,preprint
763,disproved,1956,solving_citation,ErFu56,published
764,disproved,1972,solving_citation,Va72,published
765,solved,2023,review,MaYa23,published
767,proved,2004,solving_citation,Ji04,published
771,proved,1988,solving_citation,AlFr88,published
772,proved,1985,solving_citation,AlEr85,published
775,disproved,2025,solving_citation,Ga25,preprint
777,solved,2015,review,ADGS15,published
780,proved,1986,solving_citation,AFL86,published
781,disproved,1989,review,AlSp89,published
783,solved,,none,,
784,solved,1982,review,Ru82,published
785,proved,1994,review,SaSz94,published
793,proved,,none,,
794,disproved,1984,review,FrFu84,published
795,proved,2025,solving_citation,Ra25,preprint
797,proved,1991,solving_citation,AMR91,published
798,proved,1991,solving_citation,Al91,published
799,proved,1992,solving_citation,Al92,published
800,proved,1994,solving_citation,Al94,published
801,proved,1996,solving_citation,Al96b,published
803,disproved,2008,review,Al08,published
804,disproved,2007,review,AlSu07,published
806,proved,2009,solving_citation,ABS09,published
807,disproved,2015,solving_citation,Al15,published
808,disproved,2020,solving_citation,ARS20,published
814,proved,2019,review,Sa19,published
815,disproved,2017,solving_citation,NPS17,published
816,proved,2025,solving_citation,ChMa25,preprint
818,proved,2009,solving_citation,So09d,published
822,proved,2024,solving_citation,GIL24,published
823,proved,2015,solving_citation,Po15b,published
825,proved,,none,,
832,disproved,1985,solving_citation,Al85,published
833,proved,1975,solving_citation,ErLo75,published
834,solved,2025,solving_citation,Li25,preprint
841,solved,2024,review,BPZ24,published
842,proved,1992,solving_citation,FlSt92,published
843,proved,1995,review,Er95,published
844,proved,2025,review,AMS25,preprint
845,disproved,2025,review,vDEv25,preprint
846,disproved,2026,solving_citation,PSV26,preprint
847,disproved,2024,review,RRS24,published
851,proved,2026,ai_wiki,2026-02-05,ai_wiki
858,solved,2026,ai_wiki,2026-04-15,ai_wiki
861,solved,2015,review,SaTh15 KLRS15,published
862,solved,2015,solving_citation,SaTh15,published
863,proved,2026,ai_wiki,2026-04-22,ai_wiki
865,proved,2026,solving_citation,Ci26,preprint
867,disproved,1993,review,Fr93,published
868,solved,,none,,
869,disproved,,none,,
871,disproved,2026,review,2026-01-05,ai_wiki
874,proved,1999,review,DeFr99,published
877,proved,2001,review,LuSc01,published
880,proved,2007,solving_citation,HHP07,published
882,solved,1998,review,Er98,published
884,disproved,,none,,
888,solved,2026,ai_wiki,2026-04-25,ai_wiki
894,proved,,none,,
895,proved,,none,,
896,solved,,none,,
897,disproved,1981,review,Wi81,published
898,proved,,none,,
899,proved,1978,solving_citation,Ru78,published
900,proved,1981,solving_citation,AKS81,published
903,proved,1985,solving_citation,EFSW85,published
904,proved,2005,solving_citation,BoNi05,published
905,proved,1979,solving_citation,KhNi79,published
907,proved,1951,solving_citation,dB51,published
908,proved,1980,solving_citation,La80,published
909,proved,1967,solving_citation,AnKe67,published
910,disproved,1958,review,Ru58,published
914,proved,1970,review,HaSz70,published
915,solved,1973,review,Ma73,published
916,proved,1974,solving_citation,Th74,published
920,solved,2026,review,Br26,preprint
921,proved,1984,solving_citation,KST84,published
922,proved,1970,solving_citation,Fo70b,published
923,proved,1977,solving_citation,Ro77,published
924,proved,1976,solving_citation,NeRo76,published
925,disproved,2005,solving_citation,AlRo05 AlRo05,published
926,proved,1991,review,Fu91,published
927,disproved,1971,solving_citation,Sp71,published
937,proved,2024,review,BBC24,published
941,proved,1988,solving_citation,He88,published
946,proved,1984,review,He84,published
947,proved,,none,,
948,solved,2026,ai_wiki,2026-06-21,ai_wiki
957,proved,2019,solving_citation,Du19,published
958,disproved,2025,solving_citation,CDL25,preprint
960,disproved,2026,ai_wiki,2026-04-09,ai_wiki
964,proved,2025,review,Eb25,preprint
965,disproved,2016,review,Ko16,published
966,proved,1975,review,Er75b,published
967,disproved,2025,review,Yi25,preprint
974,proved,1966,solving_citation,Ti66,published
977,proved,2013,solving_citation,St13,published
980,proved,1967,review,El67b,published
981,proved,1969,solving_citation,El69,published
984,proved,,none,,
986,proved,2026,solving_citation,Br26,preprint
987,proved,2026,ai_wiki,2026-04-09,ai_wiki
988,solved,1969,review,Sc69b,published
989,solved,1987,solving_citation,Be87,published
990,disproved,2026,review,APSSV26b,preprint
991,proved,,none,,
992,disproved,1994,solving_citation,BePh94,published
994,disproved,1970,solving_citation,Ma70,published
997,proved,2024,review,CLLW24,preprint
998,proved,1966,review,Ke66,published
999,proved,2020,solving_citation,KoMa20,published
1000,proved,,none,,
1001,solved,1966,review,KeSo66,published
1006,disproved,1978,solving_citation,NeRo78b,published
1007,solved,2013,solving_citation,Ho13,published
1008,proved,2014,solving_citation,CFS14b,preprint
1009,proved,1988,solving_citation,Gy88,published
1010,proved,1976,review,LoSi76,published
1012,solved,1972,review,Wo72,published
1014,proved,2026,ai_wiki,2026-04-23,ai_wiki
1015,solved,1975,review,BES75,published
1018,solved,1988,solving_citation,KoPy88,published
1019,proved,,none,,
1021,proved,2021,solving_citation,CoLe21,published
1022,proved,2013,review,Wo13b,preprint
1023,solved,,none,,
1024,solved,1986,review,PhRo86,published
1025,solved,2016,review,CFS16,published
1026,solved,2016,review,TWY16,preprint
1027,proved,,none,,
1028,solved,1971,review,ErSp71,published
1031,proved,1999,solving_citation,PrRo99,published
1034,disproved,,none,,
1036,proved,1998,solving_citation,Sh98,published
1037,disproved,,none,,
1042,proved,2024,solving_citation,GhRa24,published
1043,disproved,1961,solving_citation,Po61,published
1044,solved,,none,,
1046,disproved,1959,solving_citation,Po59,published
1047,disproved,1961,solving_citation,Po61,published
1048,disproved,1961,solving_citation,Po61,published
1050,proved,1991,solving_citation,Bo91,published
1051,proved,2026,review,Fe26,preprint
1058,proved,2001,review,Lu01,published
1064,proved,2002,review,LuPo02,published
1067,disproved,2015,review,So15,published
1069,solved,1983,solving_citation,SzTr83,published
1071,proved,,none,,
1076,proved,2020,solving_citation,GKLO20,published
1077,disproved,2025,review,JiLo25,preprint
1078,proved,2001,solving_citation,Ha01,published
1079,solved,1981,solving_citation,BoTh81,published
1080,disproved,1992,solving_citation,DeSz92,published
1081,disproved,1981,solving_citation,Od81,published
1089,solved,2026,ai_wiki,2026-02-01,ai_wiki
1090,proved,2026,review,2026-02-27,ai_wiki
1091,solved,2026,review,APSSV26b,preprint
1092,disproved,1982,review,Ro82,published
1096,proved,1998,review,ErKo98,published
1098,proved,1976,solving_citation,Ne76,published
1099,proved,1984,review,Vo84,published
1102,solved,2025,solving_citation,vDTa25,preprint
1105,proved,2021,review,Yu21,preprint
1114,proved,1960,solving_citation,Ba60b,published
1115,solved,1979,solving_citation,GoEr79,published
1116,solved,1976,review,To76,published
1118,solved,1979,solving_citation,Go79b,published
1121,proved,1945,solving_citation,GoGo45,published
1124,proved,1990,solving_citation,La90b,published
1125,proved,1984,review,La84,published
1126,proved,1965,review,Ju65,published
1128,disproved,1978,review,prose: Prikry-Mills 1978,stated
1129,proved,1978,review,Ki77  dBPi78,published
1130,proved,1978,solving_citation,dBPi78,published
1134,disproved,1982,review,Kl82,published
1136,proved,2011,review,Mu11,published
1138,disproved,2026,ai_wiki,2026-04-25,ai_wiki
1140,disproved,2010,review,EpGi10,published
1141,disproved,2026,ai_wiki,2026-04-09,ai_wiki
1147,disproved,2016,solving_citation,Ko16b,published
1148,proved,,none,,
1149,proved,2017,solving_citation,BeRi17,published
1153,proved,2026,ai_wiki,2026-03-24,ai_wiki
1161,solved,2025,review,Be25d,preprint
1164,proved,1990,solving_citation,Re90,published
1165,solved,2024,review,HLOZ24,preprint
1166,proved,2001,review,ErTa60  To01 (via [1165]),published
1179,proved,1976,review,ErHa76,published
1180,proved,2002,solving_citation,Sh02,published
1185,solved,1981,review,Fu81,published
1187,solved,2008,solving_citation,GrTa08,published
1190,solved,2026,ai_wiki,2026-04-23,ai_wiki
1193,solved,,none,,
1195,solved,2026,ai_wiki,2026-04-19,ai_wiki
1196,proved,2026,review,ABLLPSTT26 / ai-wiki 2026-04-13,ai_wiki
1197,disproved,2026,ai_wiki,2026-06-21,ai_wiki
1198,disproved,1995,review,Sm95,published
1202,solved,2026,ai_wiki,2026-04-01,ai_wiki
1205,solved,,none,,
1211,solved,2022,solving_citation,CFP22,published
1213,proved,1986,solving_citation,He86,published
1214,proved,1997,review,CoSc97,published
1215,disproved,1953,review,Ma53,published
1216,disproved,1970,review,RePa70,published
1217,proved,2026,ai_wiki,2026-04-16,ai_wiki
