cve,published,severity,reporter,explicit_ai,ai_affiliated,ai_evidence_url,fuzz,affected_versions,source_discovery,source_url,source_sha256,metadata_commit
CVE-2002-0655,2002-07-30,Unknown,OpenSSL Group (A.L. Digital),no,no,,no,0.9.6 to <0.9.6e,,https://raw.githubusercontent.com/openssl/release-metadata/597a9a75044fb94b2823d111fd96ad9607a38189/secjson/CVE-2002-0655.json,bc89d5f53806ffcb4d14f6cf067830812df28b732a0fe647b70d3c5e62e1aa1b,597a9a75044fb94b2823d111fd96ad9607a38189
CVE-2002-0656,2002-07-30,Unknown,OpenSSL Group (A.L. Digital),no,no,,no,0.9.6 to <0.9.6e,,https://raw.githubusercontent.com/openssl/release-metadata/597a9a75044fb94b2823d111fd96ad9607a38189/secjson/CVE-2002-0656.json,1f878cf94f3d2c7c7f6c46d61ed5331d96d8e49818d3de74df1f22c248db9ba6,597a9a75044fb94b2823d111fd96ad9607a38189
CVE-2002-0657,2002-07-30,Unknown,OpenSSL Group (A.L. Digital),no,no,,no,0.9.7-beta3 to <0.9.7,,https://raw.githubusercontent.com/openssl/release-metadata/597a9a75044fb94b2823d111fd96ad9607a38189/secjson/CVE-2002-0657.json,4f8e551790bea58e34290a7c379a653f99eea7973c7a454ace3bd50ec58c1f48,597a9a75044fb94b2823d111fd96ad9607a38189
CVE-2002-0659,2002-07-30,Unknown,,no,no,,no,0.9.6a to <0.9.6e,,https://raw.githubusercontent.com/openssl/release-metadata/597a9a75044fb94b2823d111fd96ad9607a38189/secjson/CVE-2002-0659.json,67e897e3d28f342c97c2b42d1362e7332c34f1fc505fd4697a59ed722ef21c66,597a9a75044fb94b2823d111fd96ad9607a38189
CVE-2002-1568,2002-08-08,Unknown,,no,no,,no,0.9.6e to <0.9.6f,,https://raw.githubusercontent.com/openssl/release-metadata/597a9a75044fb94b2823d111fd96ad9607a38189/secjson/CVE-2002-1568.json,5e9da08894b1ba31f23b97bc805696045114ad3e7cf1739d30e101bdb0fe8bf1,597a9a75044fb94b2823d111fd96ad9607a38189
CVE-2003-0078,2003-02-19,Unknown,,no,no,,no,0.9.7 to <0.9.7a; 0.9.6 to <0.9.6i,,https://raw.githubusercontent.com/openssl/release-metadata/597a9a75044fb94b2823d111fd96ad9607a38189/secjson/CVE-2003-0078.json,efc0ea404d37b4e22616d9cf1b02a645154effa0ad974a34d857e0c064f6e1ca,597a9a75044fb94b2823d111fd96ad9607a38189
CVE-2003-0147,2003-03-14,Unknown,,no,no,,no,0.9.7 to <0.9.7b; 0.9.6 to <0.9.6j,,https://raw.githubusercontent.com/openssl/release-metadata/597a9a75044fb94b2823d111fd96ad9607a38189/secjson/CVE-2003-0147.json,12208ea54f1b2d4c80414129e1d4e7d18398b42409a26e89c2ee8b353699cb6f,597a9a75044fb94b2823d111fd96ad9607a38189
CVE-2003-0131,2003-03-19,Unknown,,no,no,,no,0.9.6 to <0.9.6j; 0.9.7 to <0.9.7b,,https://raw.githubusercontent.com/openssl/release-metadata/597a9a75044fb94b2823d111fd96ad9607a38189/secjson/CVE-2003-0131.json,a0348684ab1934c24a287e61d83b7e59341e594b5f53dd72051b23056a1bf4fe,597a9a75044fb94b2823d111fd96ad9607a38189
CVE-2003-0543,2003-09-30,Unknown,NISCC,no,no,,no,0.9.7 to <0.9.7c; 0.9.6 to <0.9.6k,,https://raw.githubusercontent.com/openssl/release-metadata/597a9a75044fb94b2823d111fd96ad9607a38189/secjson/CVE-2003-0543.json,4e0c91654ed68524c57e51a6b6dfe4680c18d45a134df7e431f70e523c23b978,597a9a75044fb94b2823d111fd96ad9607a38189
CVE-2003-0544,2003-09-30,Unknown,NISCC,no,no,,no,0.9.6 to <0.9.6k; 0.9.7 to <0.9.7c,,https://raw.githubusercontent.com/openssl/release-metadata/597a9a75044fb94b2823d111fd96ad9607a38189/secjson/CVE-2003-0544.json,d30521f275aef9cdd3c499a2ca6e7258fa746a6f2f7adf4305cdf2cfb41b139b,597a9a75044fb94b2823d111fd96ad9607a38189
CVE-2003-0545,2003-09-30,Unknown,NISCC,no,no,,no,0.9.7 to <0.9.7c,,https://raw.githubusercontent.com/openssl/release-metadata/597a9a75044fb94b2823d111fd96ad9607a38189/secjson/CVE-2003-0545.json,e294da2b79f49d2775d65e079358b0abac5b60c140367024e53bb6624851372a,597a9a75044fb94b2823d111fd96ad9607a38189
CVE-2003-0851,2003-11-04,Unknown,Novell,no,no,,no,0.9.6k to <0.9.6l,,https://raw.githubusercontent.com/openssl/release-metadata/597a9a75044fb94b2823d111fd96ad9607a38189/secjson/CVE-2003-0851.json,646b9c9131e4d42f65c92503c36153141317fc554392d7eb998316e740c6a965,597a9a75044fb94b2823d111fd96ad9607a38189
CVE-2004-0079,2004-03-17,Unknown,OpenSSL group,no,no,,no,0.9.7 to <0.9.7d; 0.9.6c to <0.9.6m,,https://raw.githubusercontent.com/openssl/release-metadata/597a9a75044fb94b2823d111fd96ad9607a38189/secjson/CVE-2004-0079.json,da3312528d55ffed84a37e54711b77e4a0c11eaa7f6f9939b6185431edf45d0e,597a9a75044fb94b2823d111fd96ad9607a38189
CVE-2004-0081,2004-03-17,Unknown,OpenSSL group,no,no,,no,0.9.6 to <0.9.6d,,https://raw.githubusercontent.com/openssl/release-metadata/597a9a75044fb94b2823d111fd96ad9607a38189/secjson/CVE-2004-0081.json,cb966a5bd122207775488cdd1f5c13a9db69dfb3d0cf7e32ba05301cd0ecb8d9,597a9a75044fb94b2823d111fd96ad9607a38189
CVE-2004-0112,2004-03-17,Unknown,OpenSSL group (Stephen Henson),no,no,,no,0.9.7a to <0.9.7d,,https://raw.githubusercontent.com/openssl/release-metadata/597a9a75044fb94b2823d111fd96ad9607a38189/secjson/CVE-2004-0112.json,ecd3d4c81f9042a43e70447cf50419b7a9be6c04547afbd36f8e18cda1397aef,597a9a75044fb94b2823d111fd96ad9607a38189
CVE-2004-0975,2004-09-30,Unknown,,no,no,,no,0.9.7 to <0.9.7f; 0.9.6 to <0.9.6-cvs,,https://raw.githubusercontent.com/openssl/release-metadata/597a9a75044fb94b2823d111fd96ad9607a38189/secjson/CVE-2004-0975.json,79dc80b1ed75d19e8076a6338ed89a4e2dc378fc1e59b8284a10f3420c675575,597a9a75044fb94b2823d111fd96ad9607a38189
CVE-2005-2969,2005-10-11,Unknown,researcher,no,no,,no,0.9.7 to <0.9.7h; 0.9.8 to <0.9.8a,,https://raw.githubusercontent.com/openssl/release-metadata/597a9a75044fb94b2823d111fd96ad9607a38189/secjson/CVE-2005-2969.json,af3bd728565c7b6adc106cfa35452d4a241f5ece7cbfd52cac59ee8ffa72b293,597a9a75044fb94b2823d111fd96ad9607a38189
CVE-2006-4339,2006-09-05,Unknown,openssl,no,no,,no,0.9.7 to <0.9.7k; 0.9.8 to <0.9.8c,,https://raw.githubusercontent.com/openssl/release-metadata/597a9a75044fb94b2823d111fd96ad9607a38189/secjson/CVE-2006-4339.json,b3b13d1eb5198b69ebeabd16705211fb913b86af9511bd7fc29a593ac235a113,597a9a75044fb94b2823d111fd96ad9607a38189
CVE-2006-2937,2006-09-28,Unknown,openssl,no,no,,no,0.9.7 to <0.9.7l; 0.9.8 to <0.9.8d,,https://raw.githubusercontent.com/openssl/release-metadata/597a9a75044fb94b2823d111fd96ad9607a38189/secjson/CVE-2006-2937.json,9f6a5718642093402f2d2c62f69e46af4324d0db7bca5ad45c744a89f08ba8e2,597a9a75044fb94b2823d111fd96ad9607a38189
CVE-2006-2940,2006-09-28,Unknown,openssl,no,no,,no,0.9.7 to <0.9.7l; 0.9.8 to <0.9.8d,,https://raw.githubusercontent.com/openssl/release-metadata/597a9a75044fb94b2823d111fd96ad9607a38189/secjson/CVE-2006-2940.json,e8756e4df9c64bf9f5a4f2cd13c28406e7a5b1a612e18825ac2c589009eacb93,597a9a75044fb94b2823d111fd96ad9607a38189
CVE-2006-3738,2006-09-28,Unknown,openssl,no,no,,no,0.9.7 to <0.9.7l; 0.9.8 to <0.9.8d,,https://raw.githubusercontent.com/openssl/release-metadata/597a9a75044fb94b2823d111fd96ad9607a38189/secjson/CVE-2006-3738.json,cd731abf8fa770b4e9ea5bb6607aad8c826615d78cc5cc778e4469b23599a7e1,597a9a75044fb94b2823d111fd96ad9607a38189
CVE-2006-4343,2006-09-28,Unknown,openssl,no,no,,no,0.9.7 to <0.9.7l; 0.9.8 to <0.9.8d,,https://raw.githubusercontent.com/openssl/release-metadata/597a9a75044fb94b2823d111fd96ad9607a38189/secjson/CVE-2006-4343.json,801c221167d655c3088850f0e0f5c4bf96daccf799bdd64881be3b1490f9c6d8,597a9a75044fb94b2823d111fd96ad9607a38189
CVE-2007-4995,2007-10-12,Unknown,Andy Polyakov,no,no,,no,0.9.8 to <0.9.8f,,https://raw.githubusercontent.com/openssl/release-metadata/597a9a75044fb94b2823d111fd96ad9607a38189/secjson/CVE-2007-4995.json,25e5304549d8cf062febcd27b834bbe67d691c1ecbf654e9381d3442558c45cb,597a9a75044fb94b2823d111fd96ad9607a38189
CVE-2007-5135,2007-10-12,Unknown,Moritz Jodeit,no,no,,no,0.9.8 to <0.9.8f,,https://raw.githubusercontent.com/openssl/release-metadata/597a9a75044fb94b2823d111fd96ad9607a38189/secjson/CVE-2007-5135.json,9daad524ae3511066330def8d3ebbd280e05f02bd86e30e71b557f7fe9bafbee,597a9a75044fb94b2823d111fd96ad9607a38189
CVE-2007-5502,2007-11-29,Unknown,Geoff Lowe,no,no,,no,fips-1.1.1 to <fips-1.1.2,,https://raw.githubusercontent.com/openssl/release-metadata/597a9a75044fb94b2823d111fd96ad9607a38189/secjson/CVE-2007-5502.json,d09604395a5293636f2ad347d2c2910424a1303c97cc36c9a6232709ed90f257,597a9a75044fb94b2823d111fd96ad9607a38189
CVE-2008-0891,2008-05-28,Unknown,codenomicon,no,no,,no,0.9.8f to <0.9.8h,,https://raw.githubusercontent.com/openssl/release-metadata/597a9a75044fb94b2823d111fd96ad9607a38189/secjson/CVE-2008-0891.json,46d1956a38ef60e3f94e8ebfab3160f68d257c3ec913c8ad9d438a680eed49fc,597a9a75044fb94b2823d111fd96ad9607a38189
CVE-2008-1672,2008-05-28,Unknown,codenomicon,no,no,,no,0.9.8f to <0.9.8h,,https://raw.githubusercontent.com/openssl/release-metadata/597a9a75044fb94b2823d111fd96ad9607a38189/secjson/CVE-2008-1672.json,ee70a673a64efa8fc021620f318d956b32dfae9e3cbe31ad7f269241264b064b,597a9a75044fb94b2823d111fd96ad9607a38189
CVE-2008-5077,2009-01-07,Unknown,google,no,no,,no,0.9.8 to <0.9.8j,,https://raw.githubusercontent.com/openssl/release-metadata/597a9a75044fb94b2823d111fd96ad9607a38189/secjson/CVE-2008-5077.json,7c70f339f6a8b689d8b36bb15ce66d7608bc6c3dc2a59552abb16e867088987b,597a9a75044fb94b2823d111fd96ad9607a38189
CVE-2009-1387,2009-02-05,Unknown,Robin Seggelmann,no,no,,no,0.9.8 to <0.9.8m,,https://raw.githubusercontent.com/openssl/release-metadata/597a9a75044fb94b2823d111fd96ad9607a38189/secjson/CVE-2009-1387.json,e0fa5e8ba3606e7ffc1e898ca6c957c5b2d96caf044610865f3208ab91c795f3,597a9a75044fb94b2823d111fd96ad9607a38189
CVE-2009-0590,2009-03-25,Unknown,,no,no,,no,0.9.8 to <0.9.8k,,https://raw.githubusercontent.com/openssl/release-metadata/597a9a75044fb94b2823d111fd96ad9607a38189/secjson/CVE-2009-0590.json,6752bc04c14e9c5d1bbe31181d4315443aa38545a9b3fa8a456b50e4e4c60886,597a9a75044fb94b2823d111fd96ad9607a38189
CVE-2009-0591,2009-03-25,Unknown,"Ivan Nestlerode, IBM",no,no,,no,0.9.8h to <0.9.8k,,https://raw.githubusercontent.com/openssl/release-metadata/597a9a75044fb94b2823d111fd96ad9607a38189/secjson/CVE-2009-0591.json,88f6a5a3f0a1ddd8650e951ff7a6ede7cfb750150299c1f638f5978d338e10a1,597a9a75044fb94b2823d111fd96ad9607a38189
CVE-2009-0789,2009-03-25,Unknown,Paolo Ganci,no,no,,no,0.9.8 to <0.9.8k,,https://raw.githubusercontent.com/openssl/release-metadata/597a9a75044fb94b2823d111fd96ad9607a38189/secjson/CVE-2009-0789.json,4bb1c702abd3bae76f19346a17448710ea7e5e52290118873b3316f031cba449,597a9a75044fb94b2823d111fd96ad9607a38189
CVE-2009-1377,2009-05-12,Unknown,"Daniel Mentz, Robin Seggelmann",no,no,,no,0.9.8 to <0.9.8m,,https://raw.githubusercontent.com/openssl/release-metadata/597a9a75044fb94b2823d111fd96ad9607a38189/secjson/CVE-2009-1377.json,a402cedb0bad8393e1ec1b3924def8d62cc2c0347378dfbd6cca126b8f8bb3de,597a9a75044fb94b2823d111fd96ad9607a38189
CVE-2009-1378,2009-05-12,Unknown,"Daniel Mentz, Robin Seggelmann",no,no,,no,0.9.8 to <0.9.8m,,https://raw.githubusercontent.com/openssl/release-metadata/597a9a75044fb94b2823d111fd96ad9607a38189/secjson/CVE-2009-1378.json,f28486eac8d320b09dc66ca7bce1e0891a7ffce2524a405a0a46077d3a2e6bb2,597a9a75044fb94b2823d111fd96ad9607a38189
CVE-2009-1379,2009-05-12,Unknown,"Daniel Mentz, Robin Seggelmann",no,no,,no,0.9.8 to <0.9.8m,,https://raw.githubusercontent.com/openssl/release-metadata/597a9a75044fb94b2823d111fd96ad9607a38189/secjson/CVE-2009-1379.json,40359970342d43975e982cdcf4eb055d3aeb858e4f29894245b7144030293533,597a9a75044fb94b2823d111fd96ad9607a38189
CVE-2009-1386,2009-06-02,Unknown,Alex Lam,no,no,,no,0.9.8 to <0.9.8i,,https://raw.githubusercontent.com/openssl/release-metadata/597a9a75044fb94b2823d111fd96ad9607a38189/secjson/CVE-2009-1386.json,4075a47d0da3150745555c84577e95bf33b35f2319418148ea00b4ce6d16ac6f,597a9a75044fb94b2823d111fd96ad9607a38189
CVE-2009-3555,2009-11-05,Unknown,,no,no,,no,0.9.8 to <0.9.8m,,https://raw.githubusercontent.com/openssl/release-metadata/597a9a75044fb94b2823d111fd96ad9607a38189/secjson/CVE-2009-3555.json,6a2c7ccebd5cdff326d1395bf66e1475af15453ddc1d3efe437d7f5bf7ffce28,597a9a75044fb94b2823d111fd96ad9607a38189
CVE-2009-4355,2010-01-13,Unknown,Michael K Johnson and Andy Grimm (rPath),no,no,,no,0.9.8 to <0.9.8m,,https://raw.githubusercontent.com/openssl/release-metadata/597a9a75044fb94b2823d111fd96ad9607a38189/secjson/CVE-2009-4355.json,d93ff00171a6fc2bf2ff7487e9b81c3e13d8b1f9bd61910048c360db1a4736a6,597a9a75044fb94b2823d111fd96ad9607a38189
CVE-2010-0433,2010-01-19,Unknown,"Todd Rinaldo, Tomas Hoger (Red Hat)",no,no,,no,0.9.8 to <0.9.8n,,https://raw.githubusercontent.com/openssl/release-metadata/597a9a75044fb94b2823d111fd96ad9607a38189/secjson/CVE-2010-0433.json,52d4ae9415b4964269eb3ffd9ec8f0dd1e15fb66b205d837c2c8b2aa9c0e21be,597a9a75044fb94b2823d111fd96ad9607a38189
CVE-2009-3245,2010-02-23,Unknown,"Martin Olsson, Neel Mehta",no,no,,no,0.9.8 to <0.9.8m,,https://raw.githubusercontent.com/openssl/release-metadata/597a9a75044fb94b2823d111fd96ad9607a38189/secjson/CVE-2009-3245.json,b3b9bb7310d6f9da07f6fdd69a371f0bd6edefb53cfd820245fe355e49a7fed4,597a9a75044fb94b2823d111fd96ad9607a38189
CVE-2010-0740,2010-03-24,Unknown,Bodo Moeller and Adam Langley (Google),no,no,,no,0.9.8f to <0.9.8n,,https://raw.githubusercontent.com/openssl/release-metadata/597a9a75044fb94b2823d111fd96ad9607a38189/secjson/CVE-2010-0740.json,30f220a741617706b37196bb89ce48c9bf6df783c7c1e17a3488ae37ba76c378,597a9a75044fb94b2823d111fd96ad9607a38189
CVE-2010-0742,2010-06-01,Unknown,Ronald Moesbergen,no,no,,no,0.9.8h to <0.9.8o; 1.0.0 to <1.0.0a,,https://raw.githubusercontent.com/openssl/release-metadata/597a9a75044fb94b2823d111fd96ad9607a38189/secjson/CVE-2010-0742.json,fd3c23b43ae8dfe95856ad434cdd62750e5624632e3668181106adb513b15f1d,597a9a75044fb94b2823d111fd96ad9607a38189
CVE-2010-1633,2010-06-01,Unknown,Peter-Michael Hager,no,no,,no,1.0.0 to <1.0.0a,,https://raw.githubusercontent.com/openssl/release-metadata/597a9a75044fb94b2823d111fd96ad9607a38189/secjson/CVE-2010-1633.json,7dcb3b9466344275cf107969be2806430238a3d0c876e594b2789e90a7d77b41,597a9a75044fb94b2823d111fd96ad9607a38189
CVE-2010-3864,2010-11-16,Unknown,Rob Hulswit,no,no,,no,1.0.0 to <1.0.0b; 0.9.8 to <0.9.8p,,https://raw.githubusercontent.com/openssl/release-metadata/597a9a75044fb94b2823d111fd96ad9607a38189/secjson/CVE-2010-3864.json,e1ba885a216747a672604a5566d13560c375da118a83fbff8783203308704116,597a9a75044fb94b2823d111fd96ad9607a38189
CVE-2010-4180,2010-12-02,Unknown,Martin Rex,no,no,,no,1.0.0 to <1.0.0c; 0.9.8 to <0.9.8q,,https://raw.githubusercontent.com/openssl/release-metadata/597a9a75044fb94b2823d111fd96ad9607a38189/secjson/CVE-2010-4180.json,c550f91e25116ac3d8a0a16895d91a8a2171321724bb2cd3192e13dd5d45832d,597a9a75044fb94b2823d111fd96ad9607a38189
CVE-2010-4252,2010-12-02,Unknown,Sebastian Martini,no,no,,no,1.0.0 to <1.0.0c,,https://raw.githubusercontent.com/openssl/release-metadata/597a9a75044fb94b2823d111fd96ad9607a38189/secjson/CVE-2010-4252.json,6db7bfbaf156162aafce491fdedae1182e1376c78b33c242a05dba7c0cb1cb87,597a9a75044fb94b2823d111fd96ad9607a38189
CVE-2011-0014,2011-02-08,Unknown,Neel Mehta,no,no,,no,1.0.0 to <1.0.0d; 0.9.8h to <0.9.8r,,https://raw.githubusercontent.com/openssl/release-metadata/597a9a75044fb94b2823d111fd96ad9607a38189/secjson/CVE-2011-0014.json,2e3e7d0a6e506e58e41b823b3b9433a36d775fa8bf1918a2bb80a5fc02996ca9,597a9a75044fb94b2823d111fd96ad9607a38189
CVE-2011-3207,2011-09-06,Unknown,Kaspar Brand,no,no,,no,1.0.0 to <1.0.0e,,https://raw.githubusercontent.com/openssl/release-metadata/597a9a75044fb94b2823d111fd96ad9607a38189/secjson/CVE-2011-3207.json,fe506d248980e3cbdd8b8b392ae210ea7f4a1f49d6e19ff191e9ce331e483816,597a9a75044fb94b2823d111fd96ad9607a38189
CVE-2011-3210,2011-09-06,Unknown,Adam Langley,no,no,,no,1.0.0 to <1.0.0e,,https://raw.githubusercontent.com/openssl/release-metadata/597a9a75044fb94b2823d111fd96ad9607a38189/secjson/CVE-2011-3210.json,af77b6ab8a95e3be46b7d4f087a007ca660767b5b80adb4eaef3be41eb223f2e,597a9a75044fb94b2823d111fd96ad9607a38189
CVE-2011-4108,2012-01-04,Unknown,Nadhem Alfardan and Kenny Paterson,no,no,,no,1.0.0 to <1.0.0f; 0.9.8 to <0.9.8s,,https://raw.githubusercontent.com/openssl/release-metadata/597a9a75044fb94b2823d111fd96ad9607a38189/secjson/CVE-2011-4108.json,60fd9a08103d09428e92915176c6991df5884a36372c5430a481a5448a1bfe1f,597a9a75044fb94b2823d111fd96ad9607a38189
CVE-2011-4109,2012-01-04,Unknown,Ben Laurie,no,no,,no,0.9.8 to <0.9.8s,,https://raw.githubusercontent.com/openssl/release-metadata/597a9a75044fb94b2823d111fd96ad9607a38189/secjson/CVE-2011-4109.json,0155d4171c64c0ea0b48cc55d91a45f2f59bd84acb198f1ec0693af4c4ff1a93,597a9a75044fb94b2823d111fd96ad9607a38189
CVE-2011-4576,2012-01-04,Unknown,Adam Langley,no,no,,no,1.0.0 to <1.0.0f; 0.9.8 to <0.9.8s,,https://raw.githubusercontent.com/openssl/release-metadata/597a9a75044fb94b2823d111fd96ad9607a38189/secjson/CVE-2011-4576.json,04bd133353b37310e0b9947a377224282583ddd9a62c1949ed74850b70d87c54,597a9a75044fb94b2823d111fd96ad9607a38189
CVE-2011-4577,2012-01-04,Unknown,Andrew Chi,no,no,,no,1.0.0 to <1.0.0f; 0.9.8 to <0.9.8s,,https://raw.githubusercontent.com/openssl/release-metadata/597a9a75044fb94b2823d111fd96ad9607a38189/secjson/CVE-2011-4577.json,adbb6ef5ee1c53fc478e1cf80cb6932f56aa7c0dce6b12fd61f374865b12e975,597a9a75044fb94b2823d111fd96ad9607a38189
CVE-2011-4619,2012-01-04,Unknown,George Kadianakis,no,no,,no,1.0.0 to <1.0.0f; 0.9.8 to <0.9.8s,,https://raw.githubusercontent.com/openssl/release-metadata/597a9a75044fb94b2823d111fd96ad9607a38189/secjson/CVE-2011-4619.json,f96fe430e401911ad340c060041bf19b5c617ddc35ba6f08b44e0e521d5b4d28,597a9a75044fb94b2823d111fd96ad9607a38189
CVE-2012-0027,2012-01-04,Unknown,Andrey Kulikov,no,no,,no,1.0.0 to <1.0.0f,,https://raw.githubusercontent.com/openssl/release-metadata/597a9a75044fb94b2823d111fd96ad9607a38189/secjson/CVE-2012-0027.json,d80ba538fb6a8e991b323dc1abdcb92f48d899f50a1d06029cc65bf9fff06ee0,597a9a75044fb94b2823d111fd96ad9607a38189
CVE-2012-0050,2012-01-04,Unknown,Antonio Martin,no,no,,no,1.0.0f to <1.0.0g; 0.9.8s to <0.9.8t,,https://raw.githubusercontent.com/openssl/release-metadata/597a9a75044fb94b2823d111fd96ad9607a38189/secjson/CVE-2012-0050.json,bc0e49a78b3efdb4b4f10b304100775a7865a11b1f4ea9029189776c52058b53,597a9a75044fb94b2823d111fd96ad9607a38189
CVE-2012-0884,2012-03-12,Unknown,Ivan Nestlerode,no,no,,no,1.0.0 to <1.0.0h; 0.9.8 to <0.9.8u,,https://raw.githubusercontent.com/openssl/release-metadata/597a9a75044fb94b2823d111fd96ad9607a38189/secjson/CVE-2012-0884.json,8f372889cf461bab6141a3c4c9a161d7b778e386a11ef6e1c068ea6dc4907834,597a9a75044fb94b2823d111fd96ad9607a38189
CVE-2012-2110,2012-04-19,Unknown,Tavis Ormandy,no,no,,no,1.0.1 to <1.0.1a; 1.0.0 to <1.0.0i; 0.9.8 to <0.9.8v,,https://raw.githubusercontent.com/openssl/release-metadata/597a9a75044fb94b2823d111fd96ad9607a38189/secjson/CVE-2012-2110.json,da70df398c3c302f1071f3a133e0adc0c3582f72d30a707f23b03b5761b6f3ee,597a9a75044fb94b2823d111fd96ad9607a38189
CVE-2012-2131,2012-04-24,Unknown,Red Hat,no,no,,no,0.9.8v to <0.9.8w,,https://raw.githubusercontent.com/openssl/release-metadata/597a9a75044fb94b2823d111fd96ad9607a38189/secjson/CVE-2012-2131.json,f7d17257b1affdd521f3949df1cadc7ddfead47fe89f6adf93b4d99e2f7d4364,597a9a75044fb94b2823d111fd96ad9607a38189
CVE-2012-2333,2012-05-10,Unknown,Codenomicon,no,no,,no,1.0.1 to <1.0.1c; 1.0.0 to <1.0.0j; 0.9.8 to <0.9.8x,,https://raw.githubusercontent.com/openssl/release-metadata/597a9a75044fb94b2823d111fd96ad9607a38189/secjson/CVE-2012-2333.json,1fd50bc3f5b9fe3b759e33524f8ce4be483511e2e53e5f1444f4c06bcad3fb70,597a9a75044fb94b2823d111fd96ad9607a38189
CVE-2013-0169,2013-02-04,Unknown,"Nadhem J. AlFardan and Kenneth G. Paterson of the Information Security Group Royal Holloway, University of London",no,no,,no,1.0.1 to <1.0.1d; 1.0.0 to <1.0.0k; 0.9.8 to <0.9.8y,,https://raw.githubusercontent.com/openssl/release-metadata/597a9a75044fb94b2823d111fd96ad9607a38189/secjson/CVE-2013-0169.json,3ec787181c59e0035ba39bfae4176722c7a56f5fd18a57cf3bfbd3f4c91623ef,597a9a75044fb94b2823d111fd96ad9607a38189
CVE-2012-2686,2013-02-05,Unknown,Adam Langley and Wolfgang Ettlinger,no,no,,no,1.0.1 to <1.0.1d,,https://raw.githubusercontent.com/openssl/release-metadata/597a9a75044fb94b2823d111fd96ad9607a38189/secjson/CVE-2012-2686.json,a98f9273fc9e4394cad4760124b525d8416f4f4432f7477a249c3d8d311a7143,597a9a75044fb94b2823d111fd96ad9607a38189
CVE-2013-0166,2013-02-05,Unknown,Stephen Henson,no,no,,no,1.0.1 to <1.0.1d; 1.0.0 to <1.0.0k; 0.9.8 to <0.9.8y,,https://raw.githubusercontent.com/openssl/release-metadata/597a9a75044fb94b2823d111fd96ad9607a38189/secjson/CVE-2013-0166.json,e60b0d92c2538bae7f31be71e59daf5a7a366a45c917b9d8d32438e71a630d07,597a9a75044fb94b2823d111fd96ad9607a38189
CVE-2013-6450,2013-12-13,Unknown,Dmitry Sobinov,no,no,,no,1.0.1 to <1.0.1f; 1.0.0 to <1.0.0l,,https://raw.githubusercontent.com/openssl/release-metadata/597a9a75044fb94b2823d111fd96ad9607a38189/secjson/CVE-2013-6450.json,577b067431d39dfa95e042fb2e80eb939c76d64a145da00587eea496aba8b7bf,597a9a75044fb94b2823d111fd96ad9607a38189
CVE-2013-6449,2013-12-14,Unknown,Ron Barber,no,no,,no,1.0.1 to <1.0.1f,,https://raw.githubusercontent.com/openssl/release-metadata/597a9a75044fb94b2823d111fd96ad9607a38189/secjson/CVE-2013-6449.json,c229c37cf16999971ba8d457192842341d6b51b09bd5fbe0aeb2724112ac4a21,597a9a75044fb94b2823d111fd96ad9607a38189
CVE-2013-4353,2014-01-06,Unknown,Anton Johansson,no,no,,no,1.0.1 to <1.0.1f,,https://raw.githubusercontent.com/openssl/release-metadata/597a9a75044fb94b2823d111fd96ad9607a38189/secjson/CVE-2013-4353.json,4ad56181447a4c79d0ae10dcb0671d63f2021d6b7b1bba81ba65c078cb91d136,597a9a75044fb94b2823d111fd96ad9607a38189
CVE-2014-0076,2014-02-14,Unknown,Yuval Yarom and Naomi Benger,no,no,,no,1.0.1 to <1.0.1g; 1.0.0 to <1.0.0m; 0.9.8 to <0.9.8za,,https://raw.githubusercontent.com/openssl/release-metadata/597a9a75044fb94b2823d111fd96ad9607a38189/secjson/CVE-2014-0076.json,cad216d699341f1457e054c858f90946dc2c0316ee311f312c9b660312ab6937,597a9a75044fb94b2823d111fd96ad9607a38189
CVE-2014-0160,2014-04-07,Unknown,Neel Mehta,no,no,,no,1.0.1 to <1.0.1g,,https://raw.githubusercontent.com/openssl/release-metadata/597a9a75044fb94b2823d111fd96ad9607a38189/secjson/CVE-2014-0160.json,6ce85a5dbbe40f75270a65e9e9883f4625a3def66d51df55e299142079f37cb3,597a9a75044fb94b2823d111fd96ad9607a38189
CVE-2010-5298,2014-04-08,Unknown,,no,no,,no,1.0.1 to <1.0.1h; 1.0.0 to <1.0.0m,,https://raw.githubusercontent.com/openssl/release-metadata/597a9a75044fb94b2823d111fd96ad9607a38189/secjson/CVE-2010-5298.json,5262b92227664445516013a210a5c33a6f7805cf0da708c2b843230bb5f4b327,597a9a75044fb94b2823d111fd96ad9607a38189
CVE-2014-0198,2014-04-21,Unknown,,no,no,,no,1.0.1 to <1.0.1h; 1.0.0 to <1.0.0m,,https://raw.githubusercontent.com/openssl/release-metadata/597a9a75044fb94b2823d111fd96ad9607a38189/secjson/CVE-2014-0198.json,8ce783d03b70540953c6ab9c5fff3cd43d55ad3b88718742a8c673dd620254c7,597a9a75044fb94b2823d111fd96ad9607a38189
CVE-2014-3470,2014-05-30,Unknown,Felix Gröbert and Ivan Fratrić (Google),no,no,,no,1.0.1 to <1.0.1h; 1.0.0 to <1.0.0m; 0.9.8 to <0.9.8za,,https://raw.githubusercontent.com/openssl/release-metadata/597a9a75044fb94b2823d111fd96ad9607a38189/secjson/CVE-2014-3470.json,1644cc0056b7eb0f888ed63f6d6202768863a4c9c57bb6c1049d60162dbc243b,597a9a75044fb94b2823d111fd96ad9607a38189
CVE-2014-0195,2014-06-05,Unknown,Jüri Aedla,no,no,,no,1.0.1 to <1.0.1h; 1.0.0 to <1.0.0m; 0.9.8o to <0.9.8za,,https://raw.githubusercontent.com/openssl/release-metadata/597a9a75044fb94b2823d111fd96ad9607a38189/secjson/CVE-2014-0195.json,119bb03054fc01476ddbb9d86e8fc6c38b7bbbd1ae1a4da9592ab7455ddae7a5,597a9a75044fb94b2823d111fd96ad9607a38189
CVE-2014-0221,2014-06-05,Unknown,Imre Rad (Search-Lab Ltd.),no,no,,no,1.0.1 to <1.0.1h; 1.0.0 to <1.0.0m; 0.9.8 to <0.9.8za,,https://raw.githubusercontent.com/openssl/release-metadata/597a9a75044fb94b2823d111fd96ad9607a38189/secjson/CVE-2014-0221.json,ffe75cca1649bb83d4bde8fcab88b72fb1a7ac61a0874d35c1fab3d676f65218,597a9a75044fb94b2823d111fd96ad9607a38189
CVE-2014-0224,2014-06-05,Unknown,KIKUCHI Masashi (Lepidum Co. Ltd.),no,no,,no,1.0.1 to <1.0.1h; 1.0.0 to <1.0.0m; 0.9.8 to <0.9.8za,,https://raw.githubusercontent.com/openssl/release-metadata/597a9a75044fb94b2823d111fd96ad9607a38189/secjson/CVE-2014-0224.json,7485299a6da05dfbd7b8f1ecf5c3b503136ecdd07e720b5352a7d8d10246cc68,597a9a75044fb94b2823d111fd96ad9607a38189
CVE-2014-3505,2014-08-06,Unknown,Adam Langley and Wan-Teh Chang (Google),no,no,,no,1.0.1 to <1.0.1i; 1.0.0 to <1.0.0n; 0.9.8m to <0.9.8zb,,https://raw.githubusercontent.com/openssl/release-metadata/597a9a75044fb94b2823d111fd96ad9607a38189/secjson/CVE-2014-3505.json,60ec10ecfb60fca9fb11b463e32413afdfbdd640a81cad4ae235a89861e58065,597a9a75044fb94b2823d111fd96ad9607a38189
CVE-2014-3506,2014-08-06,Unknown,Adam Langley (Google),no,no,,no,1.0.1 to <1.0.1i; 1.0.0 to <1.0.0n; 0.9.8 to <0.9.8zb,,https://raw.githubusercontent.com/openssl/release-metadata/597a9a75044fb94b2823d111fd96ad9607a38189/secjson/CVE-2014-3506.json,0bf02ee77975a74c8d5359991ff7ac91ab9726dba40bde826a1682c36b585052,597a9a75044fb94b2823d111fd96ad9607a38189
CVE-2014-3507,2014-08-06,Unknown,Adam Langley (Google),no,no,,no,1.0.1 to <1.0.1i; 1.0.0a to <1.0.0n; 0.9.8o to <0.9.8zb,,https://raw.githubusercontent.com/openssl/release-metadata/597a9a75044fb94b2823d111fd96ad9607a38189/secjson/CVE-2014-3507.json,e19fc0d5f489b7420d7daa1a0cfb7d2ee73922c05d0463bc936daebdeb77522b,597a9a75044fb94b2823d111fd96ad9607a38189
CVE-2014-3508,2014-08-06,Unknown,Ivan Fratric (Google),no,no,,no,1.0.1 to <1.0.1i; 1.0.0 to <1.0.0n; 0.9.8 to <0.9.8zb,,https://raw.githubusercontent.com/openssl/release-metadata/597a9a75044fb94b2823d111fd96ad9607a38189/secjson/CVE-2014-3508.json,18039c607cfc5ae33ac9c9d4478e6a798215443d7840130fd35a10f2224494a8,597a9a75044fb94b2823d111fd96ad9607a38189
CVE-2014-3509,2014-08-06,Unknown,Gabor Tyukasz (LogMeIn Inc),no,no,,no,1.0.1 to <1.0.1i; 1.0.0 to <1.0.0n,,https://raw.githubusercontent.com/openssl/release-metadata/597a9a75044fb94b2823d111fd96ad9607a38189/secjson/CVE-2014-3509.json,3e16d24c0f38429a707d260edb4252b5b62336cde81e3b88578a41c2e81d9fcd,597a9a75044fb94b2823d111fd96ad9607a38189
CVE-2014-3510,2014-08-06,Unknown,Felix Gröbert (Google),no,no,,no,1.0.1 to <1.0.1i; 1.0.0 to <1.0.0n; 0.9.8 to <0.9.8zb,,https://raw.githubusercontent.com/openssl/release-metadata/597a9a75044fb94b2823d111fd96ad9607a38189/secjson/CVE-2014-3510.json,50bd27bcda094123a9612bdddc2e4387066468a663aa3d80af2a2aed362d7511,597a9a75044fb94b2823d111fd96ad9607a38189
CVE-2014-3511,2014-08-06,Unknown,David Benjamin and Adam Langley (Google),no,no,,no,1.0.1 to <1.0.1i,,https://raw.githubusercontent.com/openssl/release-metadata/597a9a75044fb94b2823d111fd96ad9607a38189/secjson/CVE-2014-3511.json,ba479c3f252735b09ff9661ff80d9f7d298d7f3037976a07291d05d6aa171754,597a9a75044fb94b2823d111fd96ad9607a38189
CVE-2014-3512,2014-08-06,Unknown,"Sean Devlin and Watson Ladd (Cryptography Services, NCC Group)",no,no,,no,1.0.1 to <1.0.1i,,https://raw.githubusercontent.com/openssl/release-metadata/597a9a75044fb94b2823d111fd96ad9607a38189/secjson/CVE-2014-3512.json,72e8e7f181a41c09d7df5894118d6f674fbc66c8afb3eaba478576bdbe3aae11,597a9a75044fb94b2823d111fd96ad9607a38189
CVE-2014-5139,2014-08-06,Unknown,Joonas Kuorilehto and Riku Hietamäki (Codenomicon),no,no,,no,1.0.1 to <1.0.1i,,https://raw.githubusercontent.com/openssl/release-metadata/597a9a75044fb94b2823d111fd96ad9607a38189/secjson/CVE-2014-5139.json,b22d20997d009f9cc48861ac1207a5163165b21a2c731fcecfd5469c60f9c139,597a9a75044fb94b2823d111fd96ad9607a38189
CVE-2014-3513,2014-10-15,High,LibreSSL project,no,no,,no,1.0.1 to <1.0.1j,,https://raw.githubusercontent.com/openssl/release-metadata/597a9a75044fb94b2823d111fd96ad9607a38189/secjson/CVE-2014-3513.json,48633e7b70a2eb551362200db13fe05f2f2e8e0d6070cc557f5e35112ed1dd7f,597a9a75044fb94b2823d111fd96ad9607a38189
CVE-2014-3567,2014-10-15,Moderate,,no,no,,no,1.0.1 to <1.0.1j; 1.0.0 to <1.0.0o; 0.9.8g to <0.9.8zc,,https://raw.githubusercontent.com/openssl/release-metadata/597a9a75044fb94b2823d111fd96ad9607a38189/secjson/CVE-2014-3567.json,1e755d08608ab7bb819e42ecb3058325e6e65af3d6787cdd6764a8704d9095f0,597a9a75044fb94b2823d111fd96ad9607a38189
CVE-2014-3568,2014-10-15,Low,Akamai Technologies,no,no,,no,1.0.1 to <1.0.1j; 1.0.0 to <1.0.0o; 0.9.8 to <0.9.8zc,,https://raw.githubusercontent.com/openssl/release-metadata/597a9a75044fb94b2823d111fd96ad9607a38189/secjson/CVE-2014-3568.json,59bb850c7d9a804273953627739c45ef3d447855a5766d310be4a3734e5536a4,597a9a75044fb94b2823d111fd96ad9607a38189
CVE-2014-3569,2014-10-21,Low,Frank Schmirler,no,no,,no,1.0.1j to <1.0.1k; 1.0.0o to <1.0.0p; 0.9.8zc to <0.9.8zd,,https://raw.githubusercontent.com/openssl/release-metadata/597a9a75044fb94b2823d111fd96ad9607a38189/secjson/CVE-2014-3569.json,35d5c640da24b9d690c39b1e06f9c9dd9e2ab67336ffecb482771aafeba294e4,597a9a75044fb94b2823d111fd96ad9607a38189
CVE-2014-3571,2015-01-05,Moderate,"Markus Stenberg of Cisco Systems, Inc",no,no,,no,1.0.1 to <1.0.1k; 1.0.0 to <1.0.0p; 0.9.8 to <0.9.8zd,,https://raw.githubusercontent.com/openssl/release-metadata/597a9a75044fb94b2823d111fd96ad9607a38189/secjson/CVE-2014-3571.json,5859c94486c70eb922047d52dda7e0c1fc94b23ffe7df804370a4341f8fee868,597a9a75044fb94b2823d111fd96ad9607a38189
CVE-2014-3572,2015-01-05,Low,Karthikeyan Bhargavan of the PROSECCO team at INRIA,no,no,,no,1.0.1 to <1.0.1k; 1.0.0 to <1.0.0p; 0.9.8 to <0.9.8zd,,https://raw.githubusercontent.com/openssl/release-metadata/597a9a75044fb94b2823d111fd96ad9607a38189/secjson/CVE-2014-3572.json,fab15e4ded89cb91580670e5ffba043fc8445bd7b70d1c65c6ff3d9c217134f3,597a9a75044fb94b2823d111fd96ad9607a38189
CVE-2014-8275,2015-01-05,Low,Antti Karjalainen and Tuomo Untinen from the Codenomicon CROSS program/Konrad Kraszewski from Google,no,no,,no,1.0.1 to <1.0.1k; 1.0.0 to <1.0.0p; 0.9.8 to <0.9.8zd,,https://raw.githubusercontent.com/openssl/release-metadata/597a9a75044fb94b2823d111fd96ad9607a38189/secjson/CVE-2014-8275.json,eae67c3f2382945364648f096acaf9c64471148360e6f4be9becb2ee1aa9baef,597a9a75044fb94b2823d111fd96ad9607a38189
CVE-2015-0204,2015-01-06,Low,Karthikeyan Bhargavan of the PROSECCO team at INRIA,no,no,,no,1.0.1 to <1.0.1k; 1.0.0 to <1.0.0p; 0.9.8 to <0.9.8zd,,https://raw.githubusercontent.com/openssl/release-metadata/597a9a75044fb94b2823d111fd96ad9607a38189/secjson/CVE-2015-0204.json,110bdd01e40c122439e4808cf286f845fedeb2ec66794312861e39a69c81f50d,597a9a75044fb94b2823d111fd96ad9607a38189
CVE-2014-3570,2015-01-08,Low,Pieter Wuille (Blockstream),no,no,,no,1.0.1 to <1.0.1k; 1.0.0 to <1.0.0p; 0.9.8 to <0.9.8zd,,https://raw.githubusercontent.com/openssl/release-metadata/597a9a75044fb94b2823d111fd96ad9607a38189/secjson/CVE-2014-3570.json,9c7023d4779753b07e792197e3e72bc24840418136b77d14312bceaac5f3b316,597a9a75044fb94b2823d111fd96ad9607a38189
CVE-2015-0205,2015-01-08,Low,Karthikeyan Bhargavan of the PROSECCO team at INRIA,no,no,,no,1.0.1 to <1.0.1k; 1.0.0 to <1.0.0p,,https://raw.githubusercontent.com/openssl/release-metadata/597a9a75044fb94b2823d111fd96ad9607a38189/secjson/CVE-2015-0205.json,3ed53aaa4a641331bdcfc9cd2d3431298fbf46d31d2d945faa509dbb86a959b9,597a9a75044fb94b2823d111fd96ad9607a38189
CVE-2015-0206,2015-01-08,Moderate,Chris Mueller,no,no,,no,1.0.1 to <1.0.1k; 1.0.0 to <1.0.0p,,https://raw.githubusercontent.com/openssl/release-metadata/597a9a75044fb94b2823d111fd96ad9607a38189/secjson/CVE-2015-0206.json,ab5ba31020149c262f2a335fa12961ad198ab360b3fae7fbba92d450728d1582,597a9a75044fb94b2823d111fd96ad9607a38189
CVE-2015-0288,2015-03-02,Low,Brian Carpenter,no,no,,no,1.0.2 to <1.0.2a; 1.0.1 to <1.0.1m; 1.0.0 to <1.0.0r; 0.9.8 to <0.9.8zf,,https://raw.githubusercontent.com/openssl/release-metadata/597a9a75044fb94b2823d111fd96ad9607a38189/secjson/CVE-2015-0288.json,1911af046abc916fa24865a3e055ccc91cde8b24be599beaa1106d7e484fd161,597a9a75044fb94b2823d111fd96ad9607a38189
CVE-2015-0285,2015-03-10,Low,Matt Caswell (OpenSSL development team),no,no,,no,1.0.2 to <1.0.2a,,https://raw.githubusercontent.com/openssl/release-metadata/597a9a75044fb94b2823d111fd96ad9607a38189/secjson/CVE-2015-0285.json,0e47894c985f89926f464ec5a0a855d429e78be3e965aee60bfe0b4e13d03479,597a9a75044fb94b2823d111fd96ad9607a38189
CVE-2015-0207,2015-03-19,Moderate,Per Allansson,no,no,,no,1.0.2 to <1.0.2a,,https://raw.githubusercontent.com/openssl/release-metadata/597a9a75044fb94b2823d111fd96ad9607a38189/secjson/CVE-2015-0207.json,be0b18ca59d935820aaf0b1a1c98795252c850e4f0d2fcf15d3f38075d180c46,597a9a75044fb94b2823d111fd96ad9607a38189
CVE-2015-0208,2015-03-19,Moderate,Brian Carpenter,no,no,,no,1.0.2 to <1.0.2a,,https://raw.githubusercontent.com/openssl/release-metadata/597a9a75044fb94b2823d111fd96ad9607a38189/secjson/CVE-2015-0208.json,4c44a3222ffac3276672a12b632314ec21b42a997f2bc4ba7a1bd987516fcf84,597a9a75044fb94b2823d111fd96ad9607a38189
CVE-2015-0209,2015-03-19,Low,The BoringSSL project,no,no,,no,1.0.2 to <1.0.2a; 1.0.1 to <1.0.1m; 1.0.0 to <1.0.0r; 0.9.8 to <0.9.8zf,,https://raw.githubusercontent.com/openssl/release-metadata/597a9a75044fb94b2823d111fd96ad9607a38189/secjson/CVE-2015-0209.json,05aa28b61e4b7947e93476ab76111f072555f42328d82227d26df6470af49d10,597a9a75044fb94b2823d111fd96ad9607a38189
CVE-2015-0286,2015-03-19,Moderate,Stephen Henson (OpenSSL development team),no,no,,no,1.0.2 to <1.0.2a; 1.0.1 to <1.0.1m; 1.0.0 to <1.0.0r; 0.9.8zd to <0.9.8zf,,https://raw.githubusercontent.com/openssl/release-metadata/597a9a75044fb94b2823d111fd96ad9607a38189/secjson/CVE-2015-0286.json,a7b7672025668cd5c641db32fc72cb9f052aef1a79a04b5937d1eebb4e080731,597a9a75044fb94b2823d111fd96ad9607a38189
CVE-2015-0287,2015-03-19,Moderate,Emilia Käsper (OpenSSL development team),no,no,,no,1.0.2 to <1.0.2a; 1.0.1 to <1.0.1m; 1.0.0 to <1.0.0r; 0.9.8 to <0.9.8zf,,https://raw.githubusercontent.com/openssl/release-metadata/597a9a75044fb94b2823d111fd96ad9607a38189/secjson/CVE-2015-0287.json,bdef70e5fef7e256e729ad0c6ba72b09333672ea4b98c7692ff9bdf8f2111365,597a9a75044fb94b2823d111fd96ad9607a38189
CVE-2015-0289,2015-03-19,Moderate,Michal Zalewski (Google),no,no,,no,1.0.2 to <1.0.2a; 1.0.1 to <1.0.1m; 1.0.0 to <1.0.0r; 0.9.8 to <0.9.8zf,,https://raw.githubusercontent.com/openssl/release-metadata/597a9a75044fb94b2823d111fd96ad9607a38189/secjson/CVE-2015-0289.json,4670a97d218aaa2e36f4d081c5c4f87348a3fde88f190d5ec538786fce474f8d,597a9a75044fb94b2823d111fd96ad9607a38189
CVE-2015-0290,2015-03-19,Moderate,Daniel Danner and Rainer Mueller,no,no,,no,1.0.2 to <1.0.2a,,https://raw.githubusercontent.com/openssl/release-metadata/597a9a75044fb94b2823d111fd96ad9607a38189/secjson/CVE-2015-0290.json,d4ef5087f3df4b769183890c044542450e15edeb3fca4aefa60fd14d52270113,597a9a75044fb94b2823d111fd96ad9607a38189
CVE-2015-0291,2015-03-19,High,David Ramos (Stanford University),no,no,,no,1.0.2 to <1.0.2a,,https://raw.githubusercontent.com/openssl/release-metadata/597a9a75044fb94b2823d111fd96ad9607a38189/secjson/CVE-2015-0291.json,dec8878aab82c21b17afbdf5e6ac3542b82487a3930b59f593a939c91e86272e,597a9a75044fb94b2823d111fd96ad9607a38189
CVE-2015-0292,2015-03-19,Moderate,"Robert Dugal, also David Ramos, also Huzaifa Sidhpurwala (Red Hat)",no,no,,no,1.0.1 to <1.0.1h; 1.0.0 to <1.0.0m; 0.9.8 to <0.9.8za,,https://raw.githubusercontent.com/openssl/release-metadata/597a9a75044fb94b2823d111fd96ad9607a38189/secjson/CVE-2015-0292.json,87cdf115104057596994c998e927aaa3ae92fae7afcf40c840d773d9377abc10,597a9a75044fb94b2823d111fd96ad9607a38189
CVE-2015-0293,2015-03-19,Moderate,Sean Burford (Google) and Emilia Käsper (OpenSSL development team),no,no,,no,1.0.2 to <1.0.2a; 1.0.1 to <1.0.1m; 1.0.0 to <1.0.0r; 0.9.8 to <0.9.8zf,,https://raw.githubusercontent.com/openssl/release-metadata/597a9a75044fb94b2823d111fd96ad9607a38189/secjson/CVE-2015-0293.json,1b9c5e067e7550f041602dcafabd3fb8c9c88f78fe51e9c7086bdaec06264f66,597a9a75044fb94b2823d111fd96ad9607a38189
CVE-2015-1787,2015-03-19,Moderate,Matt Caswell (OpenSSL development team),no,no,,no,1.0.2 to <1.0.2a,,https://raw.githubusercontent.com/openssl/release-metadata/597a9a75044fb94b2823d111fd96ad9607a38189/secjson/CVE-2015-1787.json,9fac261019d3e766fbc68e8f43604e4fb402d5623c14cb2cea85173f5e727e5b,597a9a75044fb94b2823d111fd96ad9607a38189
CVE-2015-1791,2015-06-02,Low,Emilia Käsper (OpenSSL),no,no,,no,1.0.2 to <1.0.2b; 1.0.1 to <1.0.1n; 1.0.0 to <1.0.0s; 0.9.8 to <0.9.8zg,,https://raw.githubusercontent.com/openssl/release-metadata/597a9a75044fb94b2823d111fd96ad9607a38189/secjson/CVE-2015-1791.json,1bfa3ad64e7e5acd818a0bc7a728e012daa45b3222dfeb7b4ce3bd94795f6dd1,597a9a75044fb94b2823d111fd96ad9607a38189
CVE-2014-8176,2015-06-11,Moderate,"Praveen Kariyanahalli, and subsequently by Ivan Fratric and Felix Groebert (Google)",no,no,,no,1.0.1 to <1.0.1h; 1.0.0 to <1.0.0m; 0.9.8 to <0.9.8za,,https://raw.githubusercontent.com/openssl/release-metadata/597a9a75044fb94b2823d111fd96ad9607a38189/secjson/CVE-2014-8176.json,0e7ab5ce174586af0f0ff5aead96e7f0de4a0c75c90ea7eb52e5978bc00d59a6,597a9a75044fb94b2823d111fd96ad9607a38189
CVE-2015-1788,2015-06-11,Moderate,Joseph Birr-Pixton,no,no,,no,1.0.2 to <1.0.2b; 1.0.1 to <1.0.1n; 1.0.0 to <1.0.0e; 0.9.8 to <0.9.8s,,https://raw.githubusercontent.com/openssl/release-metadata/597a9a75044fb94b2823d111fd96ad9607a38189/secjson/CVE-2015-1788.json,fee6ce88a50c6c8c73ba8019de86c9b9364d49ea11bf83e15d53dfa89c24be3a,597a9a75044fb94b2823d111fd96ad9607a38189
CVE-2015-1789,2015-06-11,Moderate,Robert Święcki (Google Security Team); Hanno Böck,no,no,,no,1.0.2 to <1.0.2b; 1.0.1 to <1.0.1n; 1.0.0 to <1.0.0s; 0.9.8 to <0.9.8zg,,https://raw.githubusercontent.com/openssl/release-metadata/597a9a75044fb94b2823d111fd96ad9607a38189/secjson/CVE-2015-1789.json,a3ef54f6e8433574f3df141d640eae77a48313ef066618485b190a8361fd924e,597a9a75044fb94b2823d111fd96ad9607a38189
CVE-2015-1790,2015-06-11,Moderate,Michal Zalewski (Google),no,no,,no,1.0.2 to <1.0.2b; 1.0.1 to <1.0.1n; 1.0.0 to <1.0.0s; 0.9.8 to <0.9.8zg,,https://raw.githubusercontent.com/openssl/release-metadata/597a9a75044fb94b2823d111fd96ad9607a38189/secjson/CVE-2015-1790.json,1e84a830cd52db5bc19288154c3f6686f0b6a7772682610d3c0ce6fb1e2c453e,597a9a75044fb94b2823d111fd96ad9607a38189
CVE-2015-1792,2015-06-11,Moderate,Johannes Bauer,no,no,,no,1.0.2 to <1.0.2b; 1.0.1 to <1.0.1n; 1.0.0 to <1.0.0s; 0.9.8 to <0.9.8zg,,https://raw.githubusercontent.com/openssl/release-metadata/597a9a75044fb94b2823d111fd96ad9607a38189/secjson/CVE-2015-1792.json,f954b0de172b1a581a99fe1e36f9fa7fea004b3fe87ee5fbb7ec5c1f8e5756d6,597a9a75044fb94b2823d111fd96ad9607a38189
CVE-2015-1793,2015-07-09,High,Adam Langley and David Benjamin (Google/BoringSSL),no,no,,no,1.0.2b to <1.0.2d; 1.0.1n to <1.0.1p,,https://raw.githubusercontent.com/openssl/release-metadata/597a9a75044fb94b2823d111fd96ad9607a38189/secjson/CVE-2015-1793.json,38c2182c54504c67d4e970661add6090f7fce81097116decc40840ee962775b2,597a9a75044fb94b2823d111fd96ad9607a38189
CVE-2015-1794,2015-08-11,Low,Guy Leaver (Cisco),no,no,,no,1.0.2 to <1.0.2e,,https://raw.githubusercontent.com/openssl/release-metadata/597a9a75044fb94b2823d111fd96ad9607a38189/secjson/CVE-2015-1794.json,f566f991a4cf2815548e6618a93b37e30eeede7e76634aa1b0fffc86319556f4,597a9a75044fb94b2823d111fd96ad9607a38189
CVE-2015-3193,2015-12-03,Moderate,Hanno Böck,no,no,,no,1.0.2 to <1.0.2e,,https://raw.githubusercontent.com/openssl/release-metadata/597a9a75044fb94b2823d111fd96ad9607a38189/secjson/CVE-2015-3193.json,ee3ac3e8656d0beca64a18511b65635d5a33f4f4b6cfe4d9da34f1617049a451,597a9a75044fb94b2823d111fd96ad9607a38189
CVE-2015-3194,2015-12-03,Moderate,Loïc Jonas Etienne (Qnective AG),no,no,,no,1.0.2 to <1.0.2e; 1.0.1 to <1.0.1q,,https://raw.githubusercontent.com/openssl/release-metadata/597a9a75044fb94b2823d111fd96ad9607a38189/secjson/CVE-2015-3194.json,64c48efc26d0992fc4d9067696204c1f4ddc27c169b6a2db968b7b67f6c9f0f9,597a9a75044fb94b2823d111fd96ad9607a38189
CVE-2015-3195,2015-12-03,Moderate,Adam Langley (Google/BoringSSL) using libFuzzer,no,no,,yes,1.0.2 to <1.0.2e; 1.0.1 to <1.0.1q; 1.0.0 to <1.0.0t; 0.9.8 to <0.9.8zh,,https://raw.githubusercontent.com/openssl/release-metadata/597a9a75044fb94b2823d111fd96ad9607a38189/secjson/CVE-2015-3195.json,2589c9ece82930ad641b5de158b5cc55bb8b71f959b7845cfa4975b6f979e569,597a9a75044fb94b2823d111fd96ad9607a38189
CVE-2015-3196,2015-12-03,Low,Stephen Henson (OpenSSL),no,no,,no,1.0.2 to <1.0.2d; 1.0.1 to <1.0.1p; 1.0.0 to <1.0.0t,,https://raw.githubusercontent.com/openssl/release-metadata/597a9a75044fb94b2823d111fd96ad9607a38189/secjson/CVE-2015-3196.json,ba8b2c8abf1eb714dafef487bb8b85adf30dae55ef099abff9af19cadd5542a1,597a9a75044fb94b2823d111fd96ad9607a38189
CVE-2015-3197,2016-01-28,Low,Nimrod Aviram and Sebastian Schinzel,no,no,,no,1.0.1 to <1.0.1r; 1.0.2 to <1.0.2f,,https://raw.githubusercontent.com/openssl/release-metadata/597a9a75044fb94b2823d111fd96ad9607a38189/secjson/CVE-2015-3197.json,a5ac16bb0716ba61323a320bd23857184067af3f5f70c9ad8170daff84bc1d3a,597a9a75044fb94b2823d111fd96ad9607a38189
CVE-2016-0701,2016-01-28,High,Antonio Sanso (Adobe),no,no,,no,1.0.2 to <1.0.2f,,https://raw.githubusercontent.com/openssl/release-metadata/597a9a75044fb94b2823d111fd96ad9607a38189/secjson/CVE-2016-0701.json,4890b549717ddb564f5203d8058bdd44b34c95796a3c9e30d81694f541972208,597a9a75044fb94b2823d111fd96ad9607a38189
CVE-2016-0702,2016-03-01,Low,"Yuval Yarom, The University of Adelaide and NICTA, Daniel Genkin, Technion and Tel Aviv University, and Nadia Heninger, University of Pennsylvania",no,no,,no,1.0.1 to <1.0.1s; 1.0.2 to <1.0.2g,,https://raw.githubusercontent.com/openssl/release-metadata/597a9a75044fb94b2823d111fd96ad9607a38189/secjson/CVE-2016-0702.json,461ce940be9ff6ef3cac38eb720b94254a29a07d71e410c33b21b874994dc871,597a9a75044fb94b2823d111fd96ad9607a38189
CVE-2016-0703,2016-03-01,High,David Adrian and J.Alex Halderman (University of Michigan),no,no,,no,0.9.8 to <0.9.8zf; 1.0.0 to <1.0.0r; 1.0.1 to <1.0.1m; 1.0.2 to <1.0.2a,,https://raw.githubusercontent.com/openssl/release-metadata/597a9a75044fb94b2823d111fd96ad9607a38189/secjson/CVE-2016-0703.json,920b7b792ba7833b71af148c56f0a730aa6a9793638334774eba591f329a9b5d,597a9a75044fb94b2823d111fd96ad9607a38189
CVE-2016-0704,2016-03-01,Moderate,David Adrian and J.Alex Halderman (University of Michigan),no,no,,no,0.9.8 to <0.9.8zf; 1.0.0 to <1.0.0r; 1.0.1 to <1.0.1m; 1.0.2 to <1.0.2a,,https://raw.githubusercontent.com/openssl/release-metadata/597a9a75044fb94b2823d111fd96ad9607a38189/secjson/CVE-2016-0704.json,ef11c452a90c711b82f4f46b95f8cbe561774366c655259efc717646aff5353d,597a9a75044fb94b2823d111fd96ad9607a38189
CVE-2016-0705,2016-03-01,Low,Adam Langley (Google/BoringSSL),no,no,,no,1.0.1 to <1.0.1s; 1.0.2 to <1.0.2g,,https://raw.githubusercontent.com/openssl/release-metadata/597a9a75044fb94b2823d111fd96ad9607a38189/secjson/CVE-2016-0705.json,fd1af012b3db0667964b18a9af85b2584d9cfd522c83d26777ca33460ae1d31e,597a9a75044fb94b2823d111fd96ad9607a38189
CVE-2016-0797,2016-03-01,Low,Guido Vranken,no,no,,no,1.0.1 to <1.0.1s; 1.0.2 to <1.0.2g,,https://raw.githubusercontent.com/openssl/release-metadata/597a9a75044fb94b2823d111fd96ad9607a38189/secjson/CVE-2016-0797.json,ccc8e8b5ae962234762ef93bab1b3c661a58cecf76c22741ba3045f59baec412,597a9a75044fb94b2823d111fd96ad9607a38189
CVE-2016-0798,2016-03-01,Low,Emilia Käsper (OpenSSL),no,no,,no,1.0.1 to <1.0.1s; 1.0.2 to <1.0.2g,,https://raw.githubusercontent.com/openssl/release-metadata/597a9a75044fb94b2823d111fd96ad9607a38189/secjson/CVE-2016-0798.json,b917e7b188d76ce1722b25a14f901188c2f6abca8bb604717dfc9b69fba864a7,597a9a75044fb94b2823d111fd96ad9607a38189
CVE-2016-0799,2016-03-01,Low,Guido Vranken,no,no,,no,1.0.1 to <1.0.1s; 1.0.2 to <1.0.2g,,https://raw.githubusercontent.com/openssl/release-metadata/597a9a75044fb94b2823d111fd96ad9607a38189/secjson/CVE-2016-0799.json,c17b6717f924ec44e6efdd6c8ad2b17eb0c884fa48eef5b7060109abd8051883,597a9a75044fb94b2823d111fd96ad9607a38189
CVE-2016-0800,2016-03-01,High,Nimrod Aviram and Sebastian Schinzel,no,no,,no,1.0.1 to <1.0.1s; 1.0.2 to <1.0.2g,,https://raw.githubusercontent.com/openssl/release-metadata/597a9a75044fb94b2823d111fd96ad9607a38189/secjson/CVE-2016-0800.json,a9eb5f7ad926428c43d2698f4b59171230e158b206062309db3327c72a674a90,597a9a75044fb94b2823d111fd96ad9607a38189
CVE-2016-2105,2016-05-03,Low,Guido Vranken,no,no,,no,1.0.1 to <1.0.1t; 1.0.2 to <1.0.2h,,https://raw.githubusercontent.com/openssl/release-metadata/597a9a75044fb94b2823d111fd96ad9607a38189/secjson/CVE-2016-2105.json,3e7edf9a583e2a1783e0f99e9da59b23a75ae701f9dd1a21d0c92d3af10c696b,597a9a75044fb94b2823d111fd96ad9607a38189
CVE-2016-2106,2016-05-03,Low,Guido Vranken,no,no,,no,1.0.1 to <1.0.1t; 1.0.2 to <1.0.2h,,https://raw.githubusercontent.com/openssl/release-metadata/597a9a75044fb94b2823d111fd96ad9607a38189/secjson/CVE-2016-2106.json,45352b115fedc576f341db81f142389a8fc41134f8b44b5ce4d4414ea45574ec,597a9a75044fb94b2823d111fd96ad9607a38189
CVE-2016-2107,2016-05-03,High,Juraj Somorovsky,no,no,,no,1.0.1 to <1.0.1t; 1.0.2 to <1.0.2h,,https://raw.githubusercontent.com/openssl/release-metadata/597a9a75044fb94b2823d111fd96ad9607a38189/secjson/CVE-2016-2107.json,87b5a57667783977451c8575a1c4083a5a8be50ca60e0f62ec9b567251e53c17,597a9a75044fb94b2823d111fd96ad9607a38189
CVE-2016-2108,2016-05-03,High,"Huzaifa Sidhpurwala (Red Hat), Hanno Böck, David Benjamin (Google)",no,no,,no,1.0.1 to <1.0.1o; 1.0.2 to <1.0.2c,,https://raw.githubusercontent.com/openssl/release-metadata/597a9a75044fb94b2823d111fd96ad9607a38189/secjson/CVE-2016-2108.json,8c6a0949bee4e64d03dd555d0d290f66269a9b4f2dff53e7b19e775590d6fc24,597a9a75044fb94b2823d111fd96ad9607a38189
CVE-2016-2109,2016-05-03,Low,Brian Carpenter,no,no,,no,1.0.1 to <1.0.1t; 1.0.2 to <1.0.2h,,https://raw.githubusercontent.com/openssl/release-metadata/597a9a75044fb94b2823d111fd96ad9607a38189/secjson/CVE-2016-2109.json,77f25edfb9a01ad19f61b8880ae7bffb6c61bcb109951d6ec79242ab15b9fa9a,597a9a75044fb94b2823d111fd96ad9607a38189
CVE-2016-2176,2016-05-03,Low,Guido Vranken,no,no,,no,1.0.1 to <1.0.1t; 1.0.2 to <1.0.2h,,https://raw.githubusercontent.com/openssl/release-metadata/597a9a75044fb94b2823d111fd96ad9607a38189/secjson/CVE-2016-2176.json,81032bac85c1a55129a4222fc895f24e6e6f9e2b5cbb2483ac28ff825e850818,597a9a75044fb94b2823d111fd96ad9607a38189
CVE-2016-2177,2016-06-01,Low,Guido Vranken,no,no,,no,1.0.1 to <1.0.1u; 1.0.2 to <1.0.2i,,https://raw.githubusercontent.com/openssl/release-metadata/597a9a75044fb94b2823d111fd96ad9607a38189/secjson/CVE-2016-2177.json,9feac6cf713d345e8c4709e1c235dd566cbfbd3cd2ad36114bc55595b2f3c72c,597a9a75044fb94b2823d111fd96ad9607a38189
CVE-2016-2178,2016-06-07,Low,"César Pereida (Aalto University), Billy Brumley (Tampere University of Technology), and Yuval Yarom (The University of Adelaide and NICTA)",no,no,,no,1.0.1 to <1.0.1u; 1.0.2 to <1.0.2i,,https://raw.githubusercontent.com/openssl/release-metadata/597a9a75044fb94b2823d111fd96ad9607a38189/secjson/CVE-2016-2178.json,7f9c20004cd8eecf23af4f64e0f9d6ad78016b0ed1463042517b6f1f19c870f5,597a9a75044fb94b2823d111fd96ad9607a38189
CVE-2016-2180,2016-07-22,Low,"Shi Lei (Gear Team, Qihoo 360 Inc.)",no,no,,no,1.0.1 to <1.0.1u; 1.0.2 to <1.0.2i,,https://raw.githubusercontent.com/openssl/release-metadata/597a9a75044fb94b2823d111fd96ad9607a38189/secjson/CVE-2016-2180.json,69cff8c5c0f50f14c0f7bd210b87852a3a5703911b93c23e5ab1848515686b13,597a9a75044fb94b2823d111fd96ad9607a38189
CVE-2016-2182,2016-08-16,Low,"Shi Lei (Gear Team, Qihoo 360 Inc.)",no,no,,no,1.0.1 to <1.0.1u; 1.0.2 to <1.0.2i,,https://raw.githubusercontent.com/openssl/release-metadata/597a9a75044fb94b2823d111fd96ad9607a38189/secjson/CVE-2016-2182.json,4471663f2ad40ac5b1f9625591e7280eadefc69c70fe407a68baa675a61911b0,597a9a75044fb94b2823d111fd96ad9607a38189
CVE-2016-2181,2016-08-19,Low,OCAP audit team,no,no,,no,1.0.1 to <1.0.1u; 1.0.2 to <1.0.2i,,https://raw.githubusercontent.com/openssl/release-metadata/597a9a75044fb94b2823d111fd96ad9607a38189/secjson/CVE-2016-2181.json,cb13d2d8e3eec174fdabc1233320848635e412584a1bad9090aba8e02d806eb2,597a9a75044fb94b2823d111fd96ad9607a38189
CVE-2016-2179,2016-08-22,Low,Quan Luo,no,no,,no,1.0.1 to <1.0.1u; 1.0.2 to <1.0.2i,,https://raw.githubusercontent.com/openssl/release-metadata/597a9a75044fb94b2823d111fd96ad9607a38189/secjson/CVE-2016-2179.json,015c3621a6d1f76107a8303f1185604ff58a93523867da406bb1c604a58d169d,597a9a75044fb94b2823d111fd96ad9607a38189
CVE-2016-6302,2016-08-23,Low,"Shi Lei (Gear Team, Qihoo 360 Inc.)",no,no,,no,1.0.1 to <1.0.1u; 1.0.2 to <1.0.2i,,https://raw.githubusercontent.com/openssl/release-metadata/597a9a75044fb94b2823d111fd96ad9607a38189/secjson/CVE-2016-6302.json,3f3178b52e9a362409e6ad9774208a73f38a4d35c7c802d4aba85a6c0001e860,597a9a75044fb94b2823d111fd96ad9607a38189
CVE-2016-2183,2016-08-24,Low,Karthik Bhargavan and Gaetan Leurent from Inria,no,no,,no,1.0.2 to <1.0.2i,,https://raw.githubusercontent.com/openssl/release-metadata/597a9a75044fb94b2823d111fd96ad9607a38189/secjson/CVE-2016-2183.json,df3966ebcea0305f07160962b1c94767f89b0ffe01781ef06d081b7ae352e231,597a9a75044fb94b2823d111fd96ad9607a38189
CVE-2016-6303,2016-08-24,Low,"Shi Lei (Gear Team, Qihoo 360 Inc.)",no,no,,no,1.0.1 to <1.0.1u; 1.0.2 to <1.0.2i,,https://raw.githubusercontent.com/openssl/release-metadata/597a9a75044fb94b2823d111fd96ad9607a38189/secjson/CVE-2016-6303.json,32aec2110091f4dc2f289e0be1b0b749d5c3ad07949c2b2619e6f2e93288c704,597a9a75044fb94b2823d111fd96ad9607a38189
CVE-2016-6306,2016-09-21,Low,"Shi Lei (Gear Team, Qihoo 360 Inc.)",no,no,,no,1.0.1 to <1.0.1u; 1.0.2 to <1.0.2i,,https://raw.githubusercontent.com/openssl/release-metadata/597a9a75044fb94b2823d111fd96ad9607a38189/secjson/CVE-2016-6306.json,d535db696b9a53dd959888e3aa28e69339011cc46afd942e06425c4d3994713e,597a9a75044fb94b2823d111fd96ad9607a38189
CVE-2016-6307,2016-09-21,Low,"Shi Lei (Gear Team, Qihoo 360 Inc.)",no,no,,no,1.1.0 to <1.1.0a,,https://raw.githubusercontent.com/openssl/release-metadata/597a9a75044fb94b2823d111fd96ad9607a38189/secjson/CVE-2016-6307.json,222208b190b881d2a732d38ccfc27c1cec5dd7565c171d4823fbf15d7cf6d7d7,597a9a75044fb94b2823d111fd96ad9607a38189
CVE-2016-6308,2016-09-21,Low,"Shi Lei (Gear Team, Qihoo 360 Inc.)",no,no,,no,1.1.0 to <1.1.0a,,https://raw.githubusercontent.com/openssl/release-metadata/597a9a75044fb94b2823d111fd96ad9607a38189/secjson/CVE-2016-6308.json,033dd0fe1ca223e2e9afb7df0a36673fb794c86c1dd92a53682115441b67be3e,597a9a75044fb94b2823d111fd96ad9607a38189
CVE-2016-6304,2016-09-22,High,"Shi Lei (Gear Team, Qihoo 360 Inc.)",no,no,,no,1.0.1 to <1.0.1u; 1.0.2 to <1.0.2i; 1.1.0 to <1.1.0a,,https://raw.githubusercontent.com/openssl/release-metadata/597a9a75044fb94b2823d111fd96ad9607a38189/secjson/CVE-2016-6304.json,26a0c01ff01c1f1e51f2c38ac81ff0448ced7cf89eba838b8f6df4b3180a97ff,597a9a75044fb94b2823d111fd96ad9607a38189
CVE-2016-6305,2016-09-22,Moderate,Alex Gaynor,no,no,,no,1.1.0 to <1.1.0a,,https://raw.githubusercontent.com/openssl/release-metadata/597a9a75044fb94b2823d111fd96ad9607a38189/secjson/CVE-2016-6305.json,99e1a3963a589f2d5558e34f042f7a545b8d436bf6da87c1fb83bbd8e7b2cc16,597a9a75044fb94b2823d111fd96ad9607a38189
CVE-2016-6309,2016-09-26,Critical,Robert Święcki (Google Security Team),no,no,,no,1.1.0a to <1.1.0b,,https://raw.githubusercontent.com/openssl/release-metadata/597a9a75044fb94b2823d111fd96ad9607a38189/secjson/CVE-2016-6309.json,17b1f671cfb6470543c2b4f1afa3826a2375d4706d9a1c4450284e02518d9a43,597a9a75044fb94b2823d111fd96ad9607a38189
CVE-2016-7052,2016-09-26,Moderate,Bruce Stephens and Thomas Jakobi,no,no,,no,1.0.2i to <1.0.2j,,https://raw.githubusercontent.com/openssl/release-metadata/597a9a75044fb94b2823d111fd96ad9607a38189/secjson/CVE-2016-7052.json,a433f4474cdec0d7ff84e2f5b93a7d8b14e309b12d2b4ca0f2eff9816aff2cba,597a9a75044fb94b2823d111fd96ad9607a38189
CVE-2016-7053,2016-11-10,Moderate,Tyler Nighswander (ForAllSecure),no,no,,no,1.1.0 to <1.1.0c,,https://raw.githubusercontent.com/openssl/release-metadata/597a9a75044fb94b2823d111fd96ad9607a38189/secjson/CVE-2016-7053.json,2a649824e3b3ecc302b7e45155d31f285c89bff3ec426d375a3acae91cd3a5e7,597a9a75044fb94b2823d111fd96ad9607a38189
CVE-2016-7054,2016-11-10,High,Robert Święcki (Google Security Team),no,no,,no,1.1.0 to <1.1.0c,,https://raw.githubusercontent.com/openssl/release-metadata/597a9a75044fb94b2823d111fd96ad9607a38189/secjson/CVE-2016-7054.json,5beea0bee0920090bf5d801d9d91ab3e5321626269cdf422e74e2080c2cb12c7,597a9a75044fb94b2823d111fd96ad9607a38189
CVE-2016-7055,2016-11-10,Low,Publicly reported,no,no,,no,1.1.0 to <1.1.0c; 1.0.2 to <1.0.2k,,https://raw.githubusercontent.com/openssl/release-metadata/597a9a75044fb94b2823d111fd96ad9607a38189/secjson/CVE-2016-7055.json,b0e5f9b1079e847a2083a5a1f595d26cbbc2518f759accd4008fde8a4e780eb4,597a9a75044fb94b2823d111fd96ad9607a38189
CVE-2017-3730,2017-01-26,Moderate,Guido Vranken,no,no,,no,1.1.0 to <1.1.0d,,https://raw.githubusercontent.com/openssl/release-metadata/597a9a75044fb94b2823d111fd96ad9607a38189/secjson/CVE-2017-3730.json,633f767a3943506db5c61d34c28c056a488428cf082f2e56bfa63476238f5d4d,597a9a75044fb94b2823d111fd96ad9607a38189
CVE-2017-3731,2017-01-26,Moderate,Robert Święcki of Google,no,no,,no,1.1.0 to <1.1.0d; 1.0.2 to <1.0.2k,,https://raw.githubusercontent.com/openssl/release-metadata/597a9a75044fb94b2823d111fd96ad9607a38189/secjson/CVE-2017-3731.json,1ef4a383ce0350e0a6552227d1adde2ad781b0fd31d7c96b22411d2d29e60b67,597a9a75044fb94b2823d111fd96ad9607a38189
CVE-2017-3732,2017-01-26,Moderate,OSS-Fuzz project,no,no,,yes,1.1.0 to <1.1.0d; 1.0.2 to <1.0.2k,,https://raw.githubusercontent.com/openssl/release-metadata/597a9a75044fb94b2823d111fd96ad9607a38189/secjson/CVE-2017-3732.json,b3835e2090f1a1f81dc1c2cc4edefa0837301024201d608ef0c8d0c754d1272c,597a9a75044fb94b2823d111fd96ad9607a38189
CVE-2017-3733,2017-02-16,High,Joe Orton (Red Hat),no,no,,no,1.1.0 to <1.1.0e,,https://raw.githubusercontent.com/openssl/release-metadata/597a9a75044fb94b2823d111fd96ad9607a38189/secjson/CVE-2017-3733.json,faed65068d325cb5c2060c9fdb40ab98caf3f68cc2790a2a48813a33743d1325,597a9a75044fb94b2823d111fd96ad9607a38189
CVE-2017-3735,2017-08-28,Low,Google OSS-Fuzz,no,no,,yes,1.0.2 to <1.0.2m; 1.1.0 to <1.1.0g,,https://raw.githubusercontent.com/openssl/release-metadata/597a9a75044fb94b2823d111fd96ad9607a38189/secjson/CVE-2017-3735.json,cc1cd5437dfa223b7d25227ee337633b7510865babe5aeba1b06cb9575d4e4fb,597a9a75044fb94b2823d111fd96ad9607a38189
CVE-2017-3736,2017-11-02,Moderate,Google OSS-Fuzz,no,no,,yes,1.0.2 to <1.0.2m; 1.1.0 to <1.1.0g,,https://raw.githubusercontent.com/openssl/release-metadata/597a9a75044fb94b2823d111fd96ad9607a38189/secjson/CVE-2017-3736.json,6ac467604bb12ae80d0ef209231589dddcb5e3488878cd8f9c51c39065c076b7,597a9a75044fb94b2823d111fd96ad9607a38189
CVE-2017-3737,2017-12-07,Moderate,David Benjamin (Google),no,no,,no,1.0.2b to <1.0.2n,,https://raw.githubusercontent.com/openssl/release-metadata/597a9a75044fb94b2823d111fd96ad9607a38189/secjson/CVE-2017-3737.json,3c8a7b3f77ed9a1b8c6ea10ca3850e0724e320876d12b8d97a93ffb771b9c292,597a9a75044fb94b2823d111fd96ad9607a38189
CVE-2017-3738,2017-12-07,Low,David Benjamin (Google)/Google OSS-Fuzz,no,no,,yes,1.0.2 to <1.0.2n; 1.1.0 to <1.1.0h,,https://raw.githubusercontent.com/openssl/release-metadata/597a9a75044fb94b2823d111fd96ad9607a38189/secjson/CVE-2017-3738.json,0944ae3e60182ebd571e16b906589f5c68976e238d109ee45d6140673099400d,597a9a75044fb94b2823d111fd96ad9607a38189
CVE-2018-0733,2018-03-27,Moderate,Peter Waltenberg (IBM),no,no,,no,1.1.0 to <1.1.0h,,https://raw.githubusercontent.com/openssl/release-metadata/597a9a75044fb94b2823d111fd96ad9607a38189/secjson/CVE-2018-0733.json,09fc6c92006ecd612f37bf496fc432fb8fb822ce11e9e6f2a81e901fa6934b90,597a9a75044fb94b2823d111fd96ad9607a38189
CVE-2018-0739,2018-03-27,Moderate,OSS-fuzz,no,no,,yes,1.1.0 to <1.1.0h; 1.0.2b to <1.0.2o,,https://raw.githubusercontent.com/openssl/release-metadata/597a9a75044fb94b2823d111fd96ad9607a38189/secjson/CVE-2018-0739.json,4e679a36a9bf96e748cef8a5044a9ad2916900b94f4ec173b67af70b02767e67,597a9a75044fb94b2823d111fd96ad9607a38189
CVE-2018-0737,2018-04-16,Low,"Alejandro Cabrera Aldaya, Billy Brumley, Cesar Pereida Garcia and Luis Manuel Alvarez Tapia",no,no,,no,1.1.0 to <1.1.0i; 1.0.2 to <1.0.2p,,https://raw.githubusercontent.com/openssl/release-metadata/597a9a75044fb94b2823d111fd96ad9607a38189/secjson/CVE-2018-0737.json,843132279af521adb325b4d8a794d59edba50280df04ad981ec03a132567649a,597a9a75044fb94b2823d111fd96ad9607a38189
CVE-2018-0732,2018-06-12,Low,Guido Vranken,no,no,,no,1.1.0 to <1.1.0i; 1.0.2 to <1.0.2p,,https://raw.githubusercontent.com/openssl/release-metadata/597a9a75044fb94b2823d111fd96ad9607a38189/secjson/CVE-2018-0732.json,c0c3ea8d3d31668cb5092acf15d6401f5b7c3cd27c6aae3a3488c34b14e2a7ea,597a9a75044fb94b2823d111fd96ad9607a38189
CVE-2018-0735,2018-10-29,Low,Samuel Weiser,no,no,,no,1.1.0 to <1.1.0j; 1.1.1 to <1.1.1a,,https://raw.githubusercontent.com/openssl/release-metadata/597a9a75044fb94b2823d111fd96ad9607a38189/secjson/CVE-2018-0735.json,363f2463e69b03ca37518e18d6963181e16872df51f1b270de42b70bf7c42946,597a9a75044fb94b2823d111fd96ad9607a38189
CVE-2018-0734,2018-10-30,Low,Samuel Weiser,no,no,,no,1.1.1 to <1.1.1a; 1.1.0 to <1.1.0j; 1.0.2 to <1.0.2q,,https://raw.githubusercontent.com/openssl/release-metadata/597a9a75044fb94b2823d111fd96ad9607a38189/secjson/CVE-2018-0734.json,3aece4462dcbd102601d9a364c8feabb8dd120c274216699ca5a7e849a79f9cc,597a9a75044fb94b2823d111fd96ad9607a38189
CVE-2018-5407,2018-11-02,Low,"Alejandro Cabrera Aldaya, Billy Brumley, Sohaib ul Hassan, Cesar Pereida Garcia and Nicola Tuveri",no,no,,no,1.1.0 to <1.1.0i; 1.0.2 to <1.0.2q,,https://raw.githubusercontent.com/openssl/release-metadata/597a9a75044fb94b2823d111fd96ad9607a38189/secjson/CVE-2018-5407.json,4b1df9039c9a389e3d3d70ca70c7094597b68f86df0aa61d3052a7650b3849a8,597a9a75044fb94b2823d111fd96ad9607a38189
CVE-2019-1559,2019-02-26,Moderate,"Juraj Somorovsky, Robert Merget and Nimrod Aviram, with additional investigation by Steven Collison and Andrew Hourselt",no,no,,no,1.0.2 to <1.0.2r,,https://raw.githubusercontent.com/openssl/release-metadata/597a9a75044fb94b2823d111fd96ad9607a38189/secjson/CVE-2019-1559.json,20b67385e149d94f1f85e73af0d31fc03eb7039d7b1cea4aaa416af1642cc04d,597a9a75044fb94b2823d111fd96ad9607a38189
CVE-2019-1543,2019-03-06,Low,Joran Dirk Greef of Ronomon,no,no,,no,1.1.1 to <1.1.1c; 1.1.0 to <1.1.0k,,https://raw.githubusercontent.com/openssl/release-metadata/597a9a75044fb94b2823d111fd96ad9607a38189/secjson/CVE-2019-1543.json,df0f0c239a7c336439d2f569ecac49f24c3d1e55c8facc88fecb3afb39d8d095,597a9a75044fb94b2823d111fd96ad9607a38189
CVE-2019-1552,2019-07-30,Low,Rich Mirch,no,no,,no,1.1.1 to <1.1.1d; 1.1.0 to <1.1.0l; 1.0.2 to <1.0.2t,,https://raw.githubusercontent.com/openssl/release-metadata/597a9a75044fb94b2823d111fd96ad9607a38189/secjson/CVE-2019-1552.json,718833a8cd1dbf7030fe8bc30df8f8bc8132899f45fc760e1fe9ddb3984fa0b3,597a9a75044fb94b2823d111fd96ad9607a38189
CVE-2019-1547,2019-09-10,Low,"Cesar Pereida García, Sohaib ul Hassan, Nicola Tuveri, Iaroslav Gridin, Alejandro Cabrera Aldaya, and Billy Brumley",no,no,,no,1.1.1 to <1.1.1d; 1.1.0 to <1.1.0l; 1.0.2 to <1.0.2t,,https://raw.githubusercontent.com/openssl/release-metadata/597a9a75044fb94b2823d111fd96ad9607a38189/secjson/CVE-2019-1547.json,795f8fb668fee68503fe21df0afb3356301bd8446dc7ae364ac179b6fed7f596,597a9a75044fb94b2823d111fd96ad9607a38189
CVE-2019-1549,2019-09-10,Low,Matt Caswell,no,no,,no,1.1.1 to <1.1.1d,,https://raw.githubusercontent.com/openssl/release-metadata/597a9a75044fb94b2823d111fd96ad9607a38189/secjson/CVE-2019-1549.json,15c5bebef1611631683b39a6ddc837b31ef92bf631f48fe90d5276d1fae8bb77,597a9a75044fb94b2823d111fd96ad9607a38189
CVE-2019-1563,2019-09-10,Low,Bernd Edlinger,no,no,,no,1.1.1 to <1.1.1d; 1.1.0 to <1.1.0l; 1.0.2 to <1.0.2t,,https://raw.githubusercontent.com/openssl/release-metadata/597a9a75044fb94b2823d111fd96ad9607a38189/secjson/CVE-2019-1563.json,4fb26e15f2ab80beb4afb07851755ac0b01b08d9716a7761541a400189cb1901,597a9a75044fb94b2823d111fd96ad9607a38189
CVE-2019-1551,2019-12-06,Low,OSS-Fuzz and Guido Vranken,no,no,,yes,1.1.1 to <1.1.1e; 1.0.2 to <1.0.2u,,https://raw.githubusercontent.com/openssl/release-metadata/597a9a75044fb94b2823d111fd96ad9607a38189/secjson/CVE-2019-1551.json,5da69aff11daea92ca42b78126aa24728701a228169ec61c9699cf8a4f3f3885,597a9a75044fb94b2823d111fd96ad9607a38189
CVE-2020-1967,2020-04-21,High,Bernd Edlinger,no,no,,no,1.1.1d to <1.1.1g,,https://raw.githubusercontent.com/openssl/release-metadata/597a9a75044fb94b2823d111fd96ad9607a38189/secjson/CVE-2020-1967.json,59733d24372c1ac1838fc06e3c6b565cb7ebf478b7f299207e8c84b7b50f690c,597a9a75044fb94b2823d111fd96ad9607a38189
CVE-2020-1968,2020-09-09,Low,"Robert Merget, Marcus Brinkmann, Nimrod Aviram, and Juraj Somorovsky",no,no,,no,1.0.2 to <1.0.2w,,https://raw.githubusercontent.com/openssl/release-metadata/597a9a75044fb94b2823d111fd96ad9607a38189/secjson/CVE-2020-1968.json,b07bbd1913c028154999231795b304758ad39bacc92b49d29f4c5238ff31bec7,597a9a75044fb94b2823d111fd96ad9607a38189
CVE-2020-1971,2020-12-08,High,David Benjamin (Google),no,no,,no,1.1.1 to <1.1.1i; 1.0.2 to <1.0.2x,,https://raw.githubusercontent.com/openssl/release-metadata/597a9a75044fb94b2823d111fd96ad9607a38189/secjson/CVE-2020-1971.json,c9a65b3d0ca8e4ef5cb38bb8bf70143140e9d5cdb03cafd0a6df39be82fb0553,597a9a75044fb94b2823d111fd96ad9607a38189
CVE-2021-23839,2021-02-16,Low,D. Katz and Joel Luellwitz (Trustwave),no,no,,no,1.0.2s to <1.0.2y,,https://raw.githubusercontent.com/openssl/release-metadata/597a9a75044fb94b2823d111fd96ad9607a38189/secjson/CVE-2021-23839.json,7e0f250e25b8eb7a5f15790d4231445895116624ac88f8b09de83b132798b19b,597a9a75044fb94b2823d111fd96ad9607a38189
CVE-2021-23840,2021-02-16,Low,Paul Kehrer,no,no,,no,1.1.1 to <1.1.1j; 1.0.2 to <1.0.2y,,https://raw.githubusercontent.com/openssl/release-metadata/597a9a75044fb94b2823d111fd96ad9607a38189/secjson/CVE-2021-23840.json,bda00f6b69f677d03bc81cfc3b376d1afb9d198c020d7d9907bd213579d01dbd,597a9a75044fb94b2823d111fd96ad9607a38189
CVE-2021-23841,2021-02-16,Moderate,Tavis Ormandy (Google),no,no,,no,1.1.1 to <1.1.1j; 1.0.2 to <1.0.2y,,https://raw.githubusercontent.com/openssl/release-metadata/597a9a75044fb94b2823d111fd96ad9607a38189/secjson/CVE-2021-23841.json,2d305e12f1ece0954da516e9d5f3771750ad696007d061cece20821b7c9327a5,597a9a75044fb94b2823d111fd96ad9607a38189
CVE-2021-3449,2021-03-25,High,Peter Kästle (Nokia) and Samuel Sapalski (Nokia),no,no,,no,1.1.1 to <1.1.1k,,https://raw.githubusercontent.com/openssl/release-metadata/597a9a75044fb94b2823d111fd96ad9607a38189/secjson/CVE-2021-3449.json,dfb2cdb9c1375868852e19febaeceef26877fd4e780d6b7e201594e7fec34305,597a9a75044fb94b2823d111fd96ad9607a38189
CVE-2021-3450,2021-03-25,High,"Benjamin Kaduk (Akamai), Xiang Ding (Akamai), others at Akamai",no,no,,no,1.1.1h to <1.1.1k,,https://raw.githubusercontent.com/openssl/release-metadata/597a9a75044fb94b2823d111fd96ad9607a38189/secjson/CVE-2021-3450.json,f2ba007f2de2ce0a304490566f17f9de302b4cf806e34cecbc58b21cb6fe1e29,597a9a75044fb94b2823d111fd96ad9607a38189
CVE-2021-3711,2021-08-24,High,John Ouyang,no,no,,no,1.1.1 to <1.1.1l,,https://raw.githubusercontent.com/openssl/release-metadata/597a9a75044fb94b2823d111fd96ad9607a38189/secjson/CVE-2021-3711.json,951af36ac7fb00964832e351e4d5d102d016d0867d94ca3f52cec36e7f57351c,597a9a75044fb94b2823d111fd96ad9607a38189
CVE-2021-3712,2021-08-24,Moderate,Ingo Schwarze,no,no,,no,1.1.1 to <1.1.1l; 1.0.2 to <1.0.2za,,https://raw.githubusercontent.com/openssl/release-metadata/597a9a75044fb94b2823d111fd96ad9607a38189/secjson/CVE-2021-3712.json,b6268971d0ba1ec76bd539daa04a9091bec7ce61bb4c9cebcc446840b502b333,597a9a75044fb94b2823d111fd96ad9607a38189
CVE-2021-4044,2021-12-14,Moderate,Tobias Nießen,no,no,,no,3.0.0 to <3.0.1,,https://raw.githubusercontent.com/openssl/release-metadata/597a9a75044fb94b2823d111fd96ad9607a38189/secjson/CVE-2021-4044.json,0d2c7c96594ddc93f60355ab1b6d4eac92312a7119b79d4774323da3f2ab94cf,597a9a75044fb94b2823d111fd96ad9607a38189
CVE-2021-4160,2022-01-28,Moderate,Bernd Edlinger,no,no,,no,3.0.0 to <3.0.1; 1.1.1 to <1.1.1m; 1.0.2 to <1.0.2zc,,https://raw.githubusercontent.com/openssl/release-metadata/597a9a75044fb94b2823d111fd96ad9607a38189/secjson/CVE-2021-4160.json,e3a8bc1c9469a1e1958bbaee30903cebf93d6d4907b050c8e6d65bc6f9824349,597a9a75044fb94b2823d111fd96ad9607a38189
CVE-2022-0778,2022-03-15,High,Tavis Ormandy (Google),no,no,,no,3.0.0 to <3.0.2; 1.1.1 to <1.1.1n; 1.0.2 to <1.0.2zd,,https://raw.githubusercontent.com/openssl/release-metadata/597a9a75044fb94b2823d111fd96ad9607a38189/secjson/CVE-2022-0778.json,4dd13f02a532b84637f75c5931c7072d92f957854328ce3205d1273ce0f38ceb,597a9a75044fb94b2823d111fd96ad9607a38189
CVE-2022-1292,2022-05-03,Moderate,Elison Niven (Sophos),no,no,,no,3.0.0 to <3.0.3; 1.1.1 to <1.1.1o; 1.0.2 to <1.0.2ze,,https://raw.githubusercontent.com/openssl/release-metadata/597a9a75044fb94b2823d111fd96ad9607a38189/secjson/CVE-2022-1292.json,5d9dcb446fdf73772a817a2335c46b0b1ca5640aec0368442317ca0d5c6af849,597a9a75044fb94b2823d111fd96ad9607a38189
CVE-2022-1343,2022-05-03,Moderate,Raul Metsma,no,no,,no,3.0.0 to <3.0.3,,https://raw.githubusercontent.com/openssl/release-metadata/597a9a75044fb94b2823d111fd96ad9607a38189/secjson/CVE-2022-1343.json,35d16e6d3de165612e7e46dec97f9ea83cddb851588a4c9bb9c1628570e8df31,597a9a75044fb94b2823d111fd96ad9607a38189
CVE-2022-1434,2022-05-03,Low,Tom Colley (Broadcom),no,no,,no,3.0.0 to <3.0.3,,https://raw.githubusercontent.com/openssl/release-metadata/597a9a75044fb94b2823d111fd96ad9607a38189/secjson/CVE-2022-1434.json,b9ad60ba3f8d81cfe6aef3f9e08a32c4d1ad93fde694c248706a36c6add4f500,597a9a75044fb94b2823d111fd96ad9607a38189
CVE-2022-1473,2022-05-03,Low,Aliaksei Levin,no,no,,no,3.0.0 to <3.0.3,,https://raw.githubusercontent.com/openssl/release-metadata/597a9a75044fb94b2823d111fd96ad9607a38189/secjson/CVE-2022-1473.json,06bd878c78d80b604cf2be1de319b71763331880a16579e70362534263c51875,597a9a75044fb94b2823d111fd96ad9607a38189
CVE-2022-2068,2022-06-21,Moderate,Chancen (Qingteng 73lab),no,no,,no,3.0.0 to <3.0.4; 1.1.1 to <1.1.1p; 1.0.2 to <1.0.2zf,,https://raw.githubusercontent.com/openssl/release-metadata/597a9a75044fb94b2823d111fd96ad9607a38189/secjson/CVE-2022-2068.json,bc245e2ca84f9151208af130ae47c1448292b4620192f8c4a33d01db250050d7,597a9a75044fb94b2823d111fd96ad9607a38189
CVE-2022-2097,2022-07-05,Moderate,Alex Chernyakhovsky,no,no,,no,3.0.0 to <3.0.5; 1.1.1 to <1.1.1q,,https://raw.githubusercontent.com/openssl/release-metadata/597a9a75044fb94b2823d111fd96ad9607a38189/secjson/CVE-2022-2097.json,7e218b17cec12e71301d4e438597ee770d58ff89e40c907f3819ef0f4aef2481,597a9a75044fb94b2823d111fd96ad9607a38189
CVE-2022-2274,2022-07-05,High,Xi Ruoyao,no,no,,no,3.0.4 to <3.0.5,,https://raw.githubusercontent.com/openssl/release-metadata/597a9a75044fb94b2823d111fd96ad9607a38189/secjson/CVE-2022-2274.json,b963d972f713a4e2804effc75d05500ca6825b9472def129c710ee6205f2691d,597a9a75044fb94b2823d111fd96ad9607a38189
CVE-2022-3358,2022-09-29,Low,Chris Rapier (Pittsburgh Supercomputing Center),no,no,,no,3.0.0 to <3.0.6,,https://raw.githubusercontent.com/openssl/release-metadata/597a9a75044fb94b2823d111fd96ad9607a38189/secjson/CVE-2022-3358.json,2f7f9c79cba4ae25c7603c5fdca3f454b2b6d264f93b4f274de9f2826570d463,597a9a75044fb94b2823d111fd96ad9607a38189
CVE-2022-3602,2022-11-01,High,Polar Bear,no,no,,no,3.0.0 to <3.0.7,,https://raw.githubusercontent.com/openssl/release-metadata/597a9a75044fb94b2823d111fd96ad9607a38189/secjson/CVE-2022-3602.json,ca3489b16822c2ca08a313a22a4c865c9b49b3e36164d0c3a63767913a1fa081,597a9a75044fb94b2823d111fd96ad9607a38189
CVE-2022-3786,2022-11-01,High,Viktor Dukhovni,no,no,,no,3.0.0 to <3.0.7,,https://raw.githubusercontent.com/openssl/release-metadata/597a9a75044fb94b2823d111fd96ad9607a38189/secjson/CVE-2022-3786.json,fb3e56db2f9cb35c224a9f491fce0073503138b4816b3b84ebb0fabc9325c1db,597a9a75044fb94b2823d111fd96ad9607a38189
CVE-2022-3996,2022-12-13,Low,Polar Bear,no,no,,no,3.0.0,UNKNOWN,https://raw.githubusercontent.com/openssl/release-metadata/597a9a75044fb94b2823d111fd96ad9607a38189/secjson/CVE-2022-3996.json,afe48548e317b60b54a1e6372263ccdc57b43ad3d15baa519475d4b64f550993,597a9a75044fb94b2823d111fd96ad9607a38189
CVE-2022-4203,2023-02-07,Moderate,Corey Bonnell from Digicert,no,no,,no,3.0.0 to <3.0.8,UNKNOWN,https://raw.githubusercontent.com/openssl/release-metadata/597a9a75044fb94b2823d111fd96ad9607a38189/secjson/CVE-2022-4203.json,acc66fe13d33399316c84b8e6e810da81fff2cf659b0b88bbe621dc25bf9de1a,597a9a75044fb94b2823d111fd96ad9607a38189
CVE-2022-4304,2023-02-07,Moderate,Hubert Kario from Red Hat,no,no,,no,3.0.0 to <3.0.8; 1.1.1 to <1.1.1t; 1.0.2 to <1.0.2zg,UNKNOWN,https://raw.githubusercontent.com/openssl/release-metadata/597a9a75044fb94b2823d111fd96ad9607a38189/secjson/CVE-2022-4304.json,75b6319ff2e90e39eff788abec4f3b508214650a04ff3b900da77aa1918d8a7a,597a9a75044fb94b2823d111fd96ad9607a38189
CVE-2022-4450,2023-02-07,Moderate,CarpetFuzz; Dawei Wang; Marc Schönefeld,no,no,,yes,3.0.0 to <3.0.8; 1.1.1 to <1.1.1t,UNKNOWN,https://raw.githubusercontent.com/openssl/release-metadata/597a9a75044fb94b2823d111fd96ad9607a38189/secjson/CVE-2022-4450.json,1d03965c3e1bb8b9e8c6aa10c9ef6fc6a301041664c40c9d7ac9f0f2e786a97b,597a9a75044fb94b2823d111fd96ad9607a38189
CVE-2023-0215,2023-02-07,Moderate,Octavio Galland (Max Planck Institute for Security and Privacy); Marcel Böhme (Max Planck Institute for Security and Privacy),no,no,,no,3.0.0 to <3.0.8; 1.1.1 to <1.1.1t; 1.0.2 to <1.0.2zg,UNKNOWN,https://raw.githubusercontent.com/openssl/release-metadata/597a9a75044fb94b2823d111fd96ad9607a38189/secjson/CVE-2023-0215.json,4e98738435da211d961c50c934be674584763086efdfa72ce0c71473873f94a4,597a9a75044fb94b2823d111fd96ad9607a38189
CVE-2023-0216,2023-02-07,Moderate,Marc Schönefeld,no,no,,no,3.0.0 to <3.0.8,UNKNOWN,https://raw.githubusercontent.com/openssl/release-metadata/597a9a75044fb94b2823d111fd96ad9607a38189/secjson/CVE-2023-0216.json,6968e2aee36833dd40b1ad2fe8c70620c92979ffebb24147defffc7e81fdb4b3,597a9a75044fb94b2823d111fd96ad9607a38189
CVE-2023-0217,2023-02-07,Moderate,Kurt Roeckx,no,no,,no,3.0.0 to <3.0.8,UNKNOWN,https://raw.githubusercontent.com/openssl/release-metadata/597a9a75044fb94b2823d111fd96ad9607a38189/secjson/CVE-2023-0217.json,dc15cb9a2086c53475ceebeeaf340cc75452324c5d5f5464a48d4b8dded2ccd0,597a9a75044fb94b2823d111fd96ad9607a38189
CVE-2023-0286,2023-02-07,High,David Benjamin (Google),no,no,,no,3.0.0 to <3.0.8; 1.1.1 to <1.1.1t; 1.0.2 to <1.0.2zg,UNKNOWN,https://raw.githubusercontent.com/openssl/release-metadata/597a9a75044fb94b2823d111fd96ad9607a38189/secjson/CVE-2023-0286.json,1511e9857077b42c6ae5330231582b78d187b4d80475b76d6585073433439b40,597a9a75044fb94b2823d111fd96ad9607a38189
CVE-2023-0401,2023-02-07,Moderate,Hubert Kario (Red Hat); Dmitry Belyavsky (Red Hat),no,no,,no,3.0.0 to <3.0.8,UNKNOWN,https://raw.githubusercontent.com/openssl/release-metadata/597a9a75044fb94b2823d111fd96ad9607a38189/secjson/CVE-2023-0401.json,9754e4e790398c69829ca21f47d0f951746f5c3a25e797bded0860cd7e9f29ea,597a9a75044fb94b2823d111fd96ad9607a38189
CVE-2023-0464,2023-03-21,Low,David Benjamin (Google),no,no,,no,3.1.0 to <3.1.1; 3.0.0 to <3.0.9; 1.1.1 to <1.1.1u; 1.0.2 to <1.0.2zh,UNKNOWN,https://raw.githubusercontent.com/openssl/release-metadata/597a9a75044fb94b2823d111fd96ad9607a38189/secjson/CVE-2023-0464.json,a2bed276cfef1f31ef16dfa8b26492583cfdb1f3e39e8d81ebc8654e9775050f,597a9a75044fb94b2823d111fd96ad9607a38189
CVE-2023-0466,2023-03-21,Low,David Benjamin (Google),no,no,,no,3.1.0 to <3.1.1; 3.0.0 to <3.0.9; 1.1.1 to <1.1.1u; 1.0.2 to <1.0.2zh,UNKNOWN,https://raw.githubusercontent.com/openssl/release-metadata/597a9a75044fb94b2823d111fd96ad9607a38189/secjson/CVE-2023-0466.json,590188ca965dd3ecbf88eb755a5a6d149c62313cbc4ed03eee36628b3d4ea403,597a9a75044fb94b2823d111fd96ad9607a38189
CVE-2023-1255,2023-03-21,Low,Anton Romanov (Amazon),no,no,,no,3.1.0 to <3.1.1; 3.0.0 to <3.0.9,UNKNOWN,https://raw.githubusercontent.com/openssl/release-metadata/597a9a75044fb94b2823d111fd96ad9607a38189/secjson/CVE-2023-1255.json,888d5f9212b6a2da25ea480a3a3e36a01a536edab2a0006038d484f74fd7e53c,597a9a75044fb94b2823d111fd96ad9607a38189
CVE-2023-0465,2023-03-23,Low,David Benjamin (Google),no,no,,no,3.1.0 to <3.1.1; 3.0.0 to <3.0.9; 1.1.1 to <1.1.1u; 1.0.2 to <1.0.2zh,UNKNOWN,https://raw.githubusercontent.com/openssl/release-metadata/597a9a75044fb94b2823d111fd96ad9607a38189/secjson/CVE-2023-0465.json,b67c50ef6fedbdce23c04632da313740a88767dc52516abcb772a21005babeb4,597a9a75044fb94b2823d111fd96ad9607a38189
CVE-2023-2650,2023-05-30,Moderate,OSSFuzz; Matt Caswell,no,no,,yes,3.1.1 to <3.1.1; 3.0.0 to <3.0.9; 1.1.1 to <1.1.1u; 1.0.2 to <1.0.2zh,UNKNOWN,https://raw.githubusercontent.com/openssl/release-metadata/597a9a75044fb94b2823d111fd96ad9607a38189/secjson/CVE-2023-2650.json,95aab719b87e36f81733c755accd1c1abbed9c9a4c6515ab30bc6af696191b35,597a9a75044fb94b2823d111fd96ad9607a38189
CVE-2023-2975,2023-07-07,Low,Juerg Wullschleger (Google),no,no,,no,3.1.0 to <3.1.2; 3.0.0 to <3.0.10,UNKNOWN,https://raw.githubusercontent.com/openssl/release-metadata/597a9a75044fb94b2823d111fd96ad9607a38189/secjson/CVE-2023-2975.json,af2ca9fe8ff977f5e64baf73db747d0841b8cf6d3f625c65bd739b40c0a15bc9,597a9a75044fb94b2823d111fd96ad9607a38189
CVE-2023-3446,2023-07-13,Low,OSSfuzz,no,no,,yes,3.1.0 to <3.1.2; 3.0.0 to <3.0.10; 1.1.1 to <1.1.1v; 1.0.2 to <1.0.2zi,UNKNOWN,https://raw.githubusercontent.com/openssl/release-metadata/597a9a75044fb94b2823d111fd96ad9607a38189/secjson/CVE-2023-3446.json,534f6e48dbe51f75fb73888ffa209255bf8f6561040b2dea808245223f074c3f,597a9a75044fb94b2823d111fd96ad9607a38189
CVE-2023-3817,2023-07-31,Low,Bernd Edlinger,no,no,,no,3.1.0 to <3.1.2; 3.0.0 to <3.0.10; 1.1.1 to <1.1.1v; 1.0.2 to <1.0.2zi,UNKNOWN,https://raw.githubusercontent.com/openssl/release-metadata/597a9a75044fb94b2823d111fd96ad9607a38189/secjson/CVE-2023-3817.json,af167dc0aad85338893913f3feac8dd79dd028a04162b010720248b89240af30,597a9a75044fb94b2823d111fd96ad9607a38189
CVE-2023-4807,2023-09-08,Low,Zach Wilson,no,no,,no,3.1.0 to <3.1.3; 3.0.0 to <3.0.11; 1.1.1 to <1.1.1w,UNKNOWN,https://raw.githubusercontent.com/openssl/release-metadata/597a9a75044fb94b2823d111fd96ad9607a38189/secjson/CVE-2023-4807.json,0288289f7c6fabe66ed45e547eb9b99644ca35f37f2ab100cbcd7b409388adc2,597a9a75044fb94b2823d111fd96ad9607a38189
CVE-2023-5363,2023-10-24,Moderate,Tony Battersby (Cybernetics),no,no,,no,3.0.0 to <3.0.12; 3.1.0 to <3.1.4,UNKNOWN,https://raw.githubusercontent.com/openssl/release-metadata/597a9a75044fb94b2823d111fd96ad9607a38189/secjson/CVE-2023-5363.json,83252165004d973b2d3a07c8723d51ad1a8587d38afba5ab28cf1d52f56e61cd,597a9a75044fb94b2823d111fd96ad9607a38189
CVE-2023-5678,2023-11-06,Low,David Benjamin (Google),no,no,,no,1.0.2 to <1.0.2zj; 1.1.1 to <1.1.1x; 3.0.0 to <3.0.13; 3.1.0 to <3.1.5,UNKNOWN,https://raw.githubusercontent.com/openssl/release-metadata/597a9a75044fb94b2823d111fd96ad9607a38189/secjson/CVE-2023-5678.json,5ce5913eb1e69844ef046e64fa62cd1f04c33d6888b84b384b700e7a232070d9,597a9a75044fb94b2823d111fd96ad9607a38189
CVE-2023-6129,2024-01-09,Low,Sverker Eriksson,no,no,,no,3.2.0 to <3.2.1; 3.1.0 to <3.1.5; 3.0.0 to <3.0.13,UNKNOWN,https://raw.githubusercontent.com/openssl/release-metadata/597a9a75044fb94b2823d111fd96ad9607a38189/secjson/CVE-2023-6129.json,c3c6f89ba52587d1d5fef3eed588fb05a1618f0e5eee2731e0ce642c03c8f8b4,597a9a75044fb94b2823d111fd96ad9607a38189
CVE-2023-6237,2024-01-15,Low,OSS-Fuzz,no,no,,yes,3.0.0 to <3.0.13; 3.1.0 to <3.1.5; 3.2.0 to <3.2.1,UNKNOWN,https://raw.githubusercontent.com/openssl/release-metadata/597a9a75044fb94b2823d111fd96ad9607a38189/secjson/CVE-2023-6237.json,7439761e5fb9c62a868fc280d635c3a5322ec6bed0e255845e09809b1909e08b,597a9a75044fb94b2823d111fd96ad9607a38189
CVE-2024-0727,2024-01-25,Low,Bahaa Naamneh (Crosspoint Labs),no,no,,no,3.2.0 to <3.2.1; 3.1.0 to <3.1.5; 3.0.0 to <3.0.13; 1.1.1 to <1.1.1x; 1.0.2 to <1.0.2zj,UNKNOWN,https://raw.githubusercontent.com/openssl/release-metadata/597a9a75044fb94b2823d111fd96ad9607a38189/secjson/CVE-2024-0727.json,a07462093474441e4933a84b66253c13f6f6addb1459a190b23771674d5af2b7,597a9a75044fb94b2823d111fd96ad9607a38189
CVE-2024-2511,2024-04-08,Low,Manish Patidar (Hewlett Packard Enterprise),no,no,,no,3.2.0 to <3.2.2; 3.1.0 to <3.1.6; 3.0.0 to <3.0.14; 1.1.1 to <1.1.1y,UNKNOWN,https://raw.githubusercontent.com/openssl/release-metadata/597a9a75044fb94b2823d111fd96ad9607a38189/secjson/CVE-2024-2511.json,dd3edab41edd045b35b73b4d21b4484b90b73049d273fea8da39cdaeaca983a4,597a9a75044fb94b2823d111fd96ad9607a38189
CVE-2024-4603,2024-05-16,Low,OSS-Fuzz,no,no,,yes,3.0.0 to <3.0.14; 3.1.0 to <3.1.6; 3.2.0 to <3.2.2; 3.3.0 to <3.3.1,UNKNOWN,https://raw.githubusercontent.com/openssl/release-metadata/597a9a75044fb94b2823d111fd96ad9607a38189/secjson/CVE-2024-4603.json,c8965a6ed2ff66e2f8b98a672fa7b1171d58d029acfac6ffe5aeb0787efd0fef,597a9a75044fb94b2823d111fd96ad9607a38189
CVE-2024-4741,2024-05-27,Low,William Ahern (Akamai),no,no,,no,3.3.0 to <3.3.1; 3.2.0 to <3.2.2; 3.1.0 to <3.1.6; 3.0.0 to <3.0.14; 1.1.1 to <1.1.1y,UNKNOWN,https://raw.githubusercontent.com/openssl/release-metadata/597a9a75044fb94b2823d111fd96ad9607a38189/secjson/CVE-2024-4741.json,3e9e530b35977a6aa3df60793551446871d314e73e6ca8cab4572c682b40d22d,597a9a75044fb94b2823d111fd96ad9607a38189
CVE-2024-5535,2024-06-26,Low,Joseph Birr-Pixton,no,no,,no,3.3.0 to <3.3.2; 3.2.0 to <3.2.3; 3.1.0 to <3.1.7; 3.0.0 to <3.0.15; 1.1.1 to <1.1.1za; 1.0.2 to <1.0.2zk,UNKNOWN,https://raw.githubusercontent.com/openssl/release-metadata/597a9a75044fb94b2823d111fd96ad9607a38189/secjson/CVE-2024-5535.json,92a89971d0a1c352b0e0b3421e960ed692d019b0f0368fb90403585e7b7d13c6,597a9a75044fb94b2823d111fd96ad9607a38189
CVE-2024-6119,2024-09-03,Moderate,David Benjamin (Google),no,no,,no,3.3.0 to <3.3.2; 3.2.0 to <3.2.3; 3.1.0 to <3.1.7; 3.0.0 to <3.0.15,UNKNOWN,https://raw.githubusercontent.com/openssl/release-metadata/597a9a75044fb94b2823d111fd96ad9607a38189/secjson/CVE-2024-6119.json,f3d8083e8cbdcad83856615b7bb43461adcdcfc8a7dbd25aabb2a7096a28bbfd,597a9a75044fb94b2823d111fd96ad9607a38189
CVE-2024-9143,2024-10-16,Low,Google OSS-Fuzz-Gen,no,no,,yes,3.3.0 to <3.3.3; 3.2.0 to <3.2.4; 3.1.0 to <3.1.8; 3.0.0 to <3.0.16; 1.1.1 to <1.1.1zb; 1.0.2 to <1.0.2zl,UNKNOWN,https://raw.githubusercontent.com/openssl/release-metadata/597a9a75044fb94b2823d111fd96ad9607a38189/secjson/CVE-2024-9143.json,782fabdde1ba17cfda9916e45c4d4838a0a2bf88ba923bde5e9be9563d059098,597a9a75044fb94b2823d111fd96ad9607a38189
CVE-2024-13176,2025-01-20,Low,George Pantelakis (Red Hat); Alicja Kario (Red Hat),no,no,,no,3.4.0 to <3.4.1; 3.3.0 to <3.3.3; 3.2.0 to <3.2.4; 3.1.0 to <3.1.8; 3.0.0 to <3.0.16; 1.1.1 to <1.1.1zb; 1.0.2 to <1.0.2zl,UNKNOWN,https://raw.githubusercontent.com/openssl/release-metadata/597a9a75044fb94b2823d111fd96ad9607a38189/secjson/CVE-2024-13176.json,01d2b3db2c4afdaa24d5a68ead88cf75248894a15c3be2bb5199dea190d0c6e3,597a9a75044fb94b2823d111fd96ad9607a38189
CVE-2024-12797,2025-02-11,High,Apple Inc.,no,no,,no,3.4.0 to <3.4.1; 3.3.0 to <3.3.3; 3.2.0 to <3.2.4,UNKNOWN,https://raw.githubusercontent.com/openssl/release-metadata/597a9a75044fb94b2823d111fd96ad9607a38189/secjson/CVE-2024-12797.json,3417d67494a72051b8df0f26c0cab21553f04dd0485e19cb2f0b78f9cd8f076d,597a9a75044fb94b2823d111fd96ad9607a38189
CVE-2025-4575,2025-05-22,Low,Alexandr Sosedkin (Red Hat),no,no,,no,3.5.0 to <3.5.1,UNKNOWN,https://raw.githubusercontent.com/openssl/release-metadata/597a9a75044fb94b2823d111fd96ad9607a38189/secjson/CVE-2025-4575.json,e3a68c48221a51d7f41584031bc1c608f23f4764de2fbb848a9cd22c60ababa2,597a9a75044fb94b2823d111fd96ad9607a38189
CVE-2025-9230,2025-09-30,Moderate,Stanislav Fort (Aisle Research),yes,yes,https://aisle.com/blog/aisle-discovers-three-of-the-four-openssl-vulnerabilities-of-2025,no,3.5.0 to <3.5.4; 3.4.0 to <3.4.3; 3.3.0 to <3.3.5; 3.2.0 to <3.2.6; 3.0.0 to <3.0.18; 1.1.1 to <1.1.1zd; 1.0.2 to <1.0.2zm,UNKNOWN,https://raw.githubusercontent.com/openssl/release-metadata/597a9a75044fb94b2823d111fd96ad9607a38189/secjson/CVE-2025-9230.json,bda78c1520f00dd3935b768ede6b37772dad791b0eef91465f51e95c65340f14,597a9a75044fb94b2823d111fd96ad9607a38189
CVE-2025-9231,2025-09-30,Moderate,Stanislav Fort (Aisle Research),yes,yes,https://aisle.com/blog/aisle-discovers-three-of-the-four-openssl-vulnerabilities-of-2025,no,3.5.0 to <3.5.4; 3.4.0 to <3.4.3; 3.3.0 to <3.3.5; 3.2.0 to <3.2.6,UNKNOWN,https://raw.githubusercontent.com/openssl/release-metadata/597a9a75044fb94b2823d111fd96ad9607a38189/secjson/CVE-2025-9231.json,455a93c20267d9fde0859c8276fdb94cec3a0508c0b8d3d0e7e97c95fb61832a,597a9a75044fb94b2823d111fd96ad9607a38189
CVE-2025-9232,2025-09-30,Low,Stanislav Fort (Aisle Research),yes,yes,https://aisle.com/blog/aisle-discovers-three-of-the-four-openssl-vulnerabilities-of-2025,no,3.5.0 to <3.5.4; 3.4.0 to <3.4.3; 3.3.3 to <3.3.5; 3.2.4 to <3.2.6; 3.0.16 to <3.0.18,UNKNOWN,https://raw.githubusercontent.com/openssl/release-metadata/597a9a75044fb94b2823d111fd96ad9607a38189/secjson/CVE-2025-9232.json,4f905db60f48b8d0fc7832fa719de23ef9558d1b04b8aa1726222776946cd3a3,597a9a75044fb94b2823d111fd96ad9607a38189
CVE-2025-11187,2026-01-27,Moderate,Stanislav Fort (Aisle Research); Petr Šimeček (Aisle Research); Hamza (Metadust),yes,yes,https://aisle.com/blog/aisle-discovered-12-out-of-12-openssl-vulnerabilities,no,3.6.0 to <3.6.1; 3.5.0 to <3.5.5; 3.4.0 to <3.4.4,UNKNOWN,https://raw.githubusercontent.com/openssl/release-metadata/597a9a75044fb94b2823d111fd96ad9607a38189/secjson/CVE-2025-11187.json,a4dde2aee839e75e2106ba2c9ec5f47a3983b2c31485b293bee4a89e42493e99,597a9a75044fb94b2823d111fd96ad9607a38189
CVE-2025-15467,2026-01-27,High,Stanislav Fort (Aisle Research),yes,yes,https://aisle.com/blog/aisle-discovered-12-out-of-12-openssl-vulnerabilities,no,3.6.0 to <3.6.1; 3.5.0 to <3.5.5; 3.4.0 to <3.4.4; 3.3.0 to <3.3.6; 3.0.0 to <3.0.19,UNKNOWN,https://raw.githubusercontent.com/openssl/release-metadata/597a9a75044fb94b2823d111fd96ad9607a38189/secjson/CVE-2025-15467.json,34d99b556d486cbc25d80a5bfc06e28511a9285e4c1502caa17319b6bc3bf1d8,597a9a75044fb94b2823d111fd96ad9607a38189
CVE-2025-15468,2026-01-27,Low,Stanislav Fort (Aisle Research),yes,yes,https://aisle.com/blog/aisle-discovered-12-out-of-12-openssl-vulnerabilities,no,3.6.0 to <3.6.1; 3.5.0 to <3.5.5; 3.4.0 to <3.4.4; 3.3.0 to <3.3.6,UNKNOWN,https://raw.githubusercontent.com/openssl/release-metadata/597a9a75044fb94b2823d111fd96ad9607a38189/secjson/CVE-2025-15468.json,882103fcc77817ea151584c7c3b6b17a3e812ce9897392e8ee27589a5434325f,597a9a75044fb94b2823d111fd96ad9607a38189
CVE-2025-15469,2026-01-27,Low,Stanislav Fort (Aisle Research),yes,yes,https://aisle.com/blog/aisle-discovered-12-out-of-12-openssl-vulnerabilities,no,3.6.0 to <3.6.1; 3.5.0 to <3.5.5,UNKNOWN,https://raw.githubusercontent.com/openssl/release-metadata/597a9a75044fb94b2823d111fd96ad9607a38189/secjson/CVE-2025-15469.json,5c540ae199f04faa2a4dc80052f384af6a335d0348da9e0e7095f2b265835ca5,597a9a75044fb94b2823d111fd96ad9607a38189
CVE-2025-66199,2026-01-27,Low,Tomas Dulka (Aisle Research); Stanislav Fort (Aisle Research),yes,yes,https://aisle.com/blog/aisle-discovered-12-out-of-12-openssl-vulnerabilities,no,3.6.0 to <3.6.1; 3.5.0 to <3.5.5; 3.4.0 to <3.4.4; 3.3.0 to <3.3.6,UNKNOWN,https://raw.githubusercontent.com/openssl/release-metadata/597a9a75044fb94b2823d111fd96ad9607a38189/secjson/CVE-2025-66199.json,f7f9ca0ee7afe560772873d3533367b2ee0c89fc4aabdb124fad49e3e9b60f3d,597a9a75044fb94b2823d111fd96ad9607a38189
CVE-2025-68160,2026-01-27,Low,Petr Šimeček (Aisle Research); Stanislav Fort (Aisle Research),yes,yes,https://aisle.com/blog/aisle-discovered-12-out-of-12-openssl-vulnerabilities,no,3.6.0 to <3.6.1; 3.5.0 to <3.5.5; 3.4.0 to <3.4.4; 3.3.0 to <3.3.6; 3.0.0 to <3.0.19; 1.1.1 to <1.1.1ze; 1.0.2 to <1.0.2zn,UNKNOWN,https://raw.githubusercontent.com/openssl/release-metadata/597a9a75044fb94b2823d111fd96ad9607a38189/secjson/CVE-2025-68160.json,1e144c3b2b75d4ece277a7254e56d3fbc24aba94abca22fabdc4bbdf90e036ab,597a9a75044fb94b2823d111fd96ad9607a38189
CVE-2025-69418,2026-01-27,Low,Stanislav Fort (Aisle Research),yes,yes,https://aisle.com/blog/aisle-discovered-12-out-of-12-openssl-vulnerabilities,no,3.6.0 to <3.6.1; 3.5.0 to <3.5.5; 3.4.0 to <3.4.4; 3.3.0 to <3.3.6; 3.0.0 to <3.0.19; 1.1.1 to <1.1.1ze,UNKNOWN,https://raw.githubusercontent.com/openssl/release-metadata/597a9a75044fb94b2823d111fd96ad9607a38189/secjson/CVE-2025-69418.json,10335ac0a827b874e76ce02a5430bd19894c3aa7f6a1ca933c93c2f14d69fd96,597a9a75044fb94b2823d111fd96ad9607a38189
CVE-2025-69419,2026-01-27,Low,Stanislav Fort (Aisle Research),yes,yes,https://aisle.com/blog/aisle-discovered-12-out-of-12-openssl-vulnerabilities,no,3.6.0 to <3.6.1; 3.5.0 to <3.5.5; 3.4.0 to <3.4.4; 3.3.0 to <3.3.6; 3.0.0 to <3.0.19; 1.1.1 to <1.1.1ze,UNKNOWN,https://raw.githubusercontent.com/openssl/release-metadata/597a9a75044fb94b2823d111fd96ad9607a38189/secjson/CVE-2025-69419.json,c96a171f4af48026e169b4df8edbd20ceb866e2a07fb8bb379ab6df123edbd0c,597a9a75044fb94b2823d111fd96ad9607a38189
CVE-2025-69420,2026-01-27,Low,Luigino Camastra (Aisle Research),yes,yes,https://aisle.com/blog/aisle-discovered-12-out-of-12-openssl-vulnerabilities,no,3.6.0 to <3.6.1; 3.5.0 to <3.5.5; 3.4.0 to <3.4.4; 3.3.0 to <3.3.6; 3.0.0 to <3.0.19; 1.1.1 to <1.1.1ze,UNKNOWN,https://raw.githubusercontent.com/openssl/release-metadata/597a9a75044fb94b2823d111fd96ad9607a38189/secjson/CVE-2025-69420.json,e4f2109153aa4a329efe1e0f0b061f51d28ec5cf819d5ac4b47acd28eaac7b9d,597a9a75044fb94b2823d111fd96ad9607a38189
CVE-2025-69421,2026-01-27,Low,Luigino Camastra (Aisle Research),yes,yes,https://aisle.com/blog/aisle-discovered-12-out-of-12-openssl-vulnerabilities,no,3.6.0 to <3.6.1; 3.5.0 to <3.5.5; 3.4.0 to <3.4.4; 3.3.0 to <3.3.6; 3.0.0 to <3.0.19; 1.1.1 to <1.1.1ze; 1.0.2 to <1.0.2zn,UNKNOWN,https://raw.githubusercontent.com/openssl/release-metadata/597a9a75044fb94b2823d111fd96ad9607a38189/secjson/CVE-2025-69421.json,2e695ec1ac8cc5b1cb54baa019c7a817087ee53048e56ecb3e2f88a5b231694e,597a9a75044fb94b2823d111fd96ad9607a38189
CVE-2026-22795,2026-01-27,Low,Luigino Camastra (Aisle Research),yes,yes,https://aisle.com/blog/aisle-discovered-12-out-of-12-openssl-vulnerabilities,no,3.6.0 to <3.6.1; 3.5.0 to <3.5.5; 3.4.0 to <3.4.4; 3.3.0 to <3.3.6; 3.0.0 to <3.0.19; 1.1.1 to <1.1.1ze,UNKNOWN,https://raw.githubusercontent.com/openssl/release-metadata/597a9a75044fb94b2823d111fd96ad9607a38189/secjson/CVE-2026-22795.json,1b47a6d51c8c7da66ce4a9a47fafcd2bd3959081997b986401ff866587706424,597a9a75044fb94b2823d111fd96ad9607a38189
CVE-2026-22796,2026-01-27,Low,Luigino Camastra (Aisle Research),yes,yes,https://aisle.com/blog/aisle-discovered-12-out-of-12-openssl-vulnerabilities,no,3.6.0 to <3.6.1; 3.5.0 to <3.5.5; 3.4.0 to <3.4.4; 3.3.0 to <3.3.6; 3.0.0 to <3.0.19; 1.1.1 to <1.1.1ze; 1.0.2 to <1.0.2zn,UNKNOWN,https://raw.githubusercontent.com/openssl/release-metadata/597a9a75044fb94b2823d111fd96ad9607a38189/secjson/CVE-2026-22796.json,7cb6672b26cae50f33038e24e0d22e88ef0478795c484bb7ea355836ca814737,597a9a75044fb94b2823d111fd96ad9607a38189
CVE-2026-2673,2026-03-13,Low,Viktor Dukhovni,no,no,,no,3.6.0 to <3.6.2; 3.5.0 to <3.5.6,UNKNOWN,https://raw.githubusercontent.com/openssl/release-metadata/597a9a75044fb94b2823d111fd96ad9607a38189/secjson/CVE-2026-2673.json,0cb2341fa0ceb36ad80489fbbedeb20abb0411b4ab23904b59e987533b7092cd,597a9a75044fb94b2823d111fd96ad9607a38189
CVE-2026-28386,2026-04-07,Low,Stanislav Fort (Aisle Research); Pavel Kohout (Aisle Research); Alex Gaynor (Anthropic),yes,yes,https://aisle.com/blog/aisle-discovers-20-openssl-zero-days-in-6-months,no,3.6.0 to <3.6.2,UNKNOWN,https://raw.githubusercontent.com/openssl/release-metadata/597a9a75044fb94b2823d111fd96ad9607a38189/secjson/CVE-2026-28386.json,683d368ac35ae02dfa42a4fe77cee6061d7d4031678105d01968672d4a710f67,597a9a75044fb94b2823d111fd96ad9607a38189
CVE-2026-28387,2026-04-07,Low,Igor Morgenstern (Aisle Research),yes,yes,https://aisle.com/blog/aisle-discovers-20-openssl-zero-days-in-6-months,no,3.6.0 to <3.6.2; 3.5.0 to <3.5.6; 3.4.0 to <3.4.5; 3.3.0 to <3.3.7; 3.0.0 to <3.0.20; 1.1.1 to <1.1.1zg,UNKNOWN,https://raw.githubusercontent.com/openssl/release-metadata/597a9a75044fb94b2823d111fd96ad9607a38189/secjson/CVE-2026-28387.json,3916c3ba26598238a09e081688162b006bab607df56bbfb3304a0a4c59e4eb90,597a9a75044fb94b2823d111fd96ad9607a38189
CVE-2026-28388,2026-04-07,Low,Igor Morgenstern (Aisle Research),yes,yes,https://aisle.com/blog/aisle-discovers-20-openssl-zero-days-in-6-months,no,3.6.0 to <3.6.2; 3.5.0 to <3.5.6; 3.4.0 to <3.4.5; 3.3.0 to <3.3.7; 3.0.0 to <3.0.20; 1.1.1 to <1.1.1zg; 1.0.2 to <1.0.2zp,UNKNOWN,https://raw.githubusercontent.com/openssl/release-metadata/597a9a75044fb94b2823d111fd96ad9607a38189/secjson/CVE-2026-28388.json,02479bd6b5d69a9c21d97272e3dc3a0196e244b94671986b9e5bc8ce1065b3f4,597a9a75044fb94b2823d111fd96ad9607a38189
CVE-2026-28389,2026-04-07,Low,Nathan Sportsman (Praetorian); Daniel Rhea; Jaeho Nam (Seoul National University); Muhammad Daffa; Zhanpeng Liu (Tencent Xuanwu Lab); Guannan Wang (Tencent Xuanwu Lab); Guancheng Li (Tencent Xuanwu Lab); Joshua Rogers (Aisle Research),yes,yes,https://aisle.com/blog/aisle-discovers-20-openssl-zero-days-in-6-months,no,3.6.0 to <3.6.2; 3.5.0 to <3.5.6; 3.4.0 to <3.4.5; 3.3.0 to <3.3.7; 3.0.0 to <3.0.20; 1.1.1 to <1.1.1zg; 1.0.2 to <1.0.2zp,UNKNOWN,https://raw.githubusercontent.com/openssl/release-metadata/597a9a75044fb94b2823d111fd96ad9607a38189/secjson/CVE-2026-28389.json,b8b7da6a9e7b2e99910a31d07a47f3aee75d3f7559a32c0b03cffe7b706cfb09,597a9a75044fb94b2823d111fd96ad9607a38189
CVE-2026-28390,2026-04-07,Low,Muhammad Daffa; Zhanpeng Liu (Tencent Xuanwu Lab); Guannan Wang (Tencent Xuanwu Lab); Guancheng Li (Tencent Xuanwu Lab); Joshua Rogers (Aisle Research); Chanho Kim,yes,yes,https://aisle.com/blog/aisle-discovers-20-openssl-zero-days-in-6-months,no,3.6.0 to <3.6.2; 3.5.0 to <3.5.6; 3.4.0 to <3.4.5; 3.3.0 to <3.3.7; 3.0.0 to <3.0.20; 1.1.1 to <1.1.1zg; 1.0.2 to <1.0.2zp,UNKNOWN,https://raw.githubusercontent.com/openssl/release-metadata/597a9a75044fb94b2823d111fd96ad9607a38189/secjson/CVE-2026-28390.json,89ddf7a14e29d0d1261f821fbd7fc7ce572f1bcc556f8a35a725d5d36a334eb4,597a9a75044fb94b2823d111fd96ad9607a38189
CVE-2026-31789,2026-04-07,Low,Quoc Tran (Xint.io - US Team),no,no,,no,3.6.0 to <3.6.2; 3.5.0 to <3.5.6; 3.4.0 to <3.4.5; 3.3.0 to <3.3.7; 3.0.0 to <3.0.20,UNKNOWN,https://raw.githubusercontent.com/openssl/release-metadata/597a9a75044fb94b2823d111fd96ad9607a38189/secjson/CVE-2026-31789.json,5f194c50a68e1e3108110aead1069334a4e5a58fdf3c172e310e879a5a0a2b6a,597a9a75044fb94b2823d111fd96ad9607a38189
CVE-2026-31790,2026-04-07,Moderate,Simo Sorce (Red Hat),no,no,,no,3.6.0 to <3.6.2; 3.5.0 to <3.5.6; 3.4.0 to <3.4.5; 3.3.0 to <3.3.7; 3.0.0 to <3.0.20,UNKNOWN,https://raw.githubusercontent.com/openssl/release-metadata/597a9a75044fb94b2823d111fd96ad9607a38189/secjson/CVE-2026-31790.json,70b9fd55c10159354148909749c1e4adc4b7ee4c7507ddc3932d7648eb08daa6,597a9a75044fb94b2823d111fd96ad9607a38189
CVE-2026-34180,2026-06-09,Low,Frank Buss,no,no,,no,4.0.0 to <4.0.1; 3.6.0 to <3.6.3; 3.5.0 to <3.5.7; 3.4.0 to <3.4.6; 3.0.0 to <3.0.21; 1.1.1 to <1.1.1zh; 1.0.2 to <1.0.2zq,UNKNOWN,https://raw.githubusercontent.com/openssl/release-metadata/597a9a75044fb94b2823d111fd96ad9607a38189/secjson/CVE-2026-34180.json,23ae9a19bf9803a87f62fd069869fe710f5b14b9b71dc35df54b8469be6e4719,597a9a75044fb94b2823d111fd96ad9607a38189
CVE-2026-34181,2026-06-09,Low,Pavol Žáčik (Red Hat); Alex Gaynor (Anthropic),no,yes,,no,4.0.0 to <4.0.1; 3.6.0 to <3.6.3; 3.5.0 to <3.5.7; 3.4.0 to <3.4.6,UNKNOWN,https://raw.githubusercontent.com/openssl/release-metadata/597a9a75044fb94b2823d111fd96ad9607a38189/secjson/CVE-2026-34181.json,96d6cec2c98962df28431fee846dd8681a9cb7e6d85be8b97ab336a908d0401d,597a9a75044fb94b2823d111fd96ad9607a38189
CVE-2026-34182,2026-06-09,Moderate,Asim Viladi Oglu Manizada; Alex Gaynor (Anthropic); Ying Dong; Haiyang Huang,no,yes,,no,4.0.0 to <4.0.1; 3.6.0 to <3.6.3; 3.5.0 to <3.5.7; 3.4.0 to <3.4.6; 3.0.0 to <3.0.21,UNKNOWN,https://raw.githubusercontent.com/openssl/release-metadata/597a9a75044fb94b2823d111fd96ad9607a38189/secjson/CVE-2026-34182.json,f9e13f6090de767cbac95208dbbd2bcf4a0e30ed2711fa59a4b85169d9286fd5,597a9a75044fb94b2823d111fd96ad9607a38189
CVE-2026-34183,2026-06-09,Moderate,Abhinav Agarwal,no,no,,no,4.0.0 to <4.0.1; 3.6.0 to <3.6.3; 3.5.0 to <3.5.7; 3.4.0 to <3.4.6,UNKNOWN,https://raw.githubusercontent.com/openssl/release-metadata/597a9a75044fb94b2823d111fd96ad9607a38189/secjson/CVE-2026-34183.json,2152fd01d825e13b630d13bea8a340ed05e5d79a0df1a47c6cfd1c5b3c87cf77,597a9a75044fb94b2823d111fd96ad9607a38189
CVE-2026-35188,2026-06-09,Moderate,Wang Kenaz (University of Illinois); Guido Vranken (Aisle Research); Aaron Grattafiori (Nvidia),no,yes,,no,4.0.0 to <4.0.1; 3.6.0 to <3.6.3,UNKNOWN,https://raw.githubusercontent.com/openssl/release-metadata/597a9a75044fb94b2823d111fd96ad9607a38189/secjson/CVE-2026-35188.json,7d67da55f13f185e26998a6425fe33325684958135d0322f5eae6a369aa52c82,597a9a75044fb94b2823d111fd96ad9607a38189
CVE-2026-42764,2026-06-09,Moderate,Sunwoo Lee (KENTECH); Hyuk Lim (KENTECH); Seunghyun Yoon (KENTECH),no,no,,no,4.0.0 to <4.0.1; 3.6.0 to <3.6.3; 3.5.0 to <3.5.7,UNKNOWN,https://raw.githubusercontent.com/openssl/release-metadata/597a9a75044fb94b2823d111fd96ad9607a38189/secjson/CVE-2026-42764.json,581c244d40daf1aba3d3389731e3de5acfc3ab374041332b33a1a158ed19c81e,597a9a75044fb94b2823d111fd96ad9607a38189
CVE-2026-42765,2026-06-09,Low,Joshua Rogers (Aisle Research),no,yes,,no,4.0.0 to <4.0.1; 3.6.0 to <3.6.3,UNKNOWN,https://raw.githubusercontent.com/openssl/release-metadata/597a9a75044fb94b2823d111fd96ad9607a38189/secjson/CVE-2026-42765.json,9e041013021615bf87aa999da10f5ab5e227c2d309b8fda9669c9830b3385b52,597a9a75044fb94b2823d111fd96ad9607a38189
CVE-2026-42766,2026-06-09,Low,Mayank Jangid; Kushal Khemka; Hari Priandana; Bhabani Sankar Das; Qifan Zhang (Palo Alto Networks),no,no,,no,4.0.0 to <4.0.1; 3.6.0 to <3.6.3; 3.5.0 to <3.5.7; 3.4.0 to <3.4.6; 3.0.0 to <3.0.21; 1.1.1 to <1.1.1zh; 1.0.2 to <1.0.2zq,UNKNOWN,https://raw.githubusercontent.com/openssl/release-metadata/597a9a75044fb94b2823d111fd96ad9607a38189/secjson/CVE-2026-42766.json,07ddf1970573285038d202d998c85d715b5078be1137a6b55c19a750c00398e9,597a9a75044fb94b2823d111fd96ad9607a38189
CVE-2026-42767,2026-06-09,Low,Zhanpeng Liu (Tencent Xuanwu Lab); Guannan Wang (Tencent Xuanwu Lab); Guancheng Li (Tencent Xuanwu Lab); Bhabani Sankar Das,no,no,,no,4.0.0 to <4.0.1; 3.6.0 to <3.6.3; 3.5.0 to <3.5.7; 3.4.0 to <3.4.6; 3.0.0 to <3.0.21,UNKNOWN,https://raw.githubusercontent.com/openssl/release-metadata/597a9a75044fb94b2823d111fd96ad9607a38189/secjson/CVE-2026-42767.json,166f55994b84db8d2b3f11d4c197b64b50c66e2f11f8539b728aaa0efdb7a5a7,597a9a75044fb94b2823d111fd96ad9607a38189
CVE-2026-42768,2026-06-09,Low,Alex Gaynor (Anthropic),no,yes,,no,4.0.0 to <4.0.1; 3.6.0 to <3.6.3; 3.5.0 to <3.5.7; 3.4.0 to <3.4.6,UNKNOWN,https://raw.githubusercontent.com/openssl/release-metadata/597a9a75044fb94b2823d111fd96ad9607a38189/secjson/CVE-2026-42768.json,661fba98af9d9e879b8844f95ec8920e2d7cc83c1ec4f33787c9d2112e2b31e5,597a9a75044fb94b2823d111fd96ad9607a38189
CVE-2026-42769,2026-06-09,Low,Alex Gaynor (Anthropic),no,yes,,no,4.0.0 to <4.0.1; 3.6.0 to <3.6.3; 3.5.0 to <3.5.7; 3.4.0 to <3.4.6,UNKNOWN,https://raw.githubusercontent.com/openssl/release-metadata/597a9a75044fb94b2823d111fd96ad9607a38189/secjson/CVE-2026-42769.json,4eda73a0d464ee8fb5f261e25c4e50828cd39033c74885eaedfeefda018499e6,597a9a75044fb94b2823d111fd96ad9607a38189
CVE-2026-42770,2026-06-09,Low,Alex Gaynor (Anthropic),no,yes,,no,4.0.0 to <4.0.1; 3.6.0 to <3.6.3; 3.5.0 to <3.5.7; 3.4.0 to <3.4.6; 3.0.0 to <3.0.21,UNKNOWN,https://raw.githubusercontent.com/openssl/release-metadata/597a9a75044fb94b2823d111fd96ad9607a38189/secjson/CVE-2026-42770.json,e647ffcb3f7053f2464708ecb5ecf151964855f7114cfdf16e5d6466e936048d,597a9a75044fb94b2823d111fd96ad9607a38189
CVE-2026-42771,2026-06-09,Low,TrendAI Zero Day Initiative,no,no,,no,4.0.0 to <4.0.1,UNKNOWN,https://raw.githubusercontent.com/openssl/release-metadata/597a9a75044fb94b2823d111fd96ad9607a38189/secjson/CVE-2026-42771.json,d8b0d763912cf57b117345b61d12516eedb73dc252a9989e41c90aa0c644ae56,597a9a75044fb94b2823d111fd96ad9607a38189
CVE-2026-45445,2026-06-09,Moderate,Alex Gaynor (Anthropic),no,yes,,no,4.0.0 to <4.0.1; 3.6.0 to <3.6.3; 3.5.0 to <3.5.7; 3.4.0 to <3.4.6; 3.0.0 to <3.0.21,UNKNOWN,https://raw.githubusercontent.com/openssl/release-metadata/597a9a75044fb94b2823d111fd96ad9607a38189/secjson/CVE-2026-45445.json,ba974b254f5e267cabfe775714ef72c4e6f7d30f630aa29007b3cb9e16c57454,597a9a75044fb94b2823d111fd96ad9607a38189
CVE-2026-45446,2026-06-09,Low,Alex Gaynor (Anthropic),no,yes,,no,4.0.0 to <4.0.1; 3.6.0 to <3.6.3; 3.5.0 to <3.5.7; 3.4.0 to <3.4.6; 3.0.0 to <3.0.21,UNKNOWN,https://raw.githubusercontent.com/openssl/release-metadata/597a9a75044fb94b2823d111fd96ad9607a38189/secjson/CVE-2026-45446.json,c988e1b42aaedefd49fae32e5cead1d98ced97fd6913c8870496c00bd918d513,597a9a75044fb94b2823d111fd96ad9607a38189
CVE-2026-45447,2026-06-09,High,Thai Duong (Calif.io in collaboration with Claude and Anthropic Research),yes,yes,https://raw.githubusercontent.com/openssl/release-metadata/597a9a75044fb94b2823d111fd96ad9607a38189/secjson/CVE-2026-45447.json,no,4.0.0 to <4.0.1; 3.6.0 to <3.6.3; 3.5.0 to <3.5.7; 3.4.0 to <3.4.6; 3.0.0 to <3.0.21; 1.1.1 to <1.1.1zh; 1.0.2 to <1.0.2zq,UNKNOWN,https://raw.githubusercontent.com/openssl/release-metadata/597a9a75044fb94b2823d111fd96ad9607a38189/secjson/CVE-2026-45447.json,f2cd9a647cf8bed76e24abb41e2f17220cf502b80f0c342fc81cc6058f6436f4,597a9a75044fb94b2823d111fd96ad9607a38189
CVE-2026-7383,2026-06-09,Low,Zehua Qiao; Jinwen He,no,no,,no,4.0.0 to <4.0.1; 3.6.0 to <3.6.3; 3.5.0 to <3.5.7; 3.4.0 to <3.4.6; 3.0.0 to <3.0.21; 1.1.1 to <1.1.1zh; 1.0.2 to <1.0.2zq,UNKNOWN,https://raw.githubusercontent.com/openssl/release-metadata/597a9a75044fb94b2823d111fd96ad9607a38189/secjson/CVE-2026-7383.json,7fb7650235ae5cccc8b1b57079f23801df657412527ff68c011b03a029768afd,597a9a75044fb94b2823d111fd96ad9607a38189
CVE-2026-9076,2026-06-09,Low,Bhabani Sankar Das; Haruki Oyama (Waseda University),no,no,,no,4.0.0 to <4.0.1; 3.6.0 to <3.6.3; 3.5.0 to <3.5.7; 3.4.0 to <3.4.6; 3.0.0 to <3.0.21; 1.1.1 to <1.1.1zh; 1.0.2 to <1.0.2zq,UNKNOWN,https://raw.githubusercontent.com/openssl/release-metadata/597a9a75044fb94b2823d111fd96ad9607a38189/secjson/CVE-2026-9076.json,42484f1b69abeee0964df94858fde595895b65c6c9463a5ab93d8d8853d9c797,597a9a75044fb94b2823d111fd96ad9607a38189
CVE-2026-54876,2026-08-05,Low,Bhabani Sankar Das; Zhenzhe Shao,no,no,,no,4.0.0 to <4.0.2; 3.6.0 to <3.6.4,UNKNOWN,https://raw.githubusercontent.com/openssl/release-metadata/597a9a75044fb94b2823d111fd96ad9607a38189/secjson/CVE-2026-54876.json,2048f9b545d203c9da8d06627c07e24e267e64988b3669b46b8a0c738445f605,597a9a75044fb94b2823d111fd96ad9607a38189
