Entity,Year,Technology cost
Acrylic fiber,1960,132.98671
Acrylic fiber,1961,120.445915
Acrylic fiber,1962,107.475945
Acrylic fiber,1963,107.475945
Acrylic fiber,1964,100.619095
Acrylic fiber,1965,91.295135
Acrylic fiber,1966,79.3631
Acrylic fiber,1967,72.85034
Acrylic fiber,1968,57.672115
Acrylic fiber,1969,51.820923
Acrylic fiber,1970,49.71248
Acrylic fiber,1971,45.5589
Acrylic fiber,1972,40.19263
Acrylonitrile,1959,26.82869
Acrylonitrile,1960,22.925358
Acrylonitrile,1961,17.92551
Acrylonitrile,1962,15.199591
Acrylonitrile,1963,14.200614
Acrylonitrile,1964,16.10883
Acrylonitrile,1965,16.16937
Acrylonitrile,1966,12.553572
Acrylonitrile,1967,11.45481
Acrylonitrile,1968,11.539423
Acrylonitrile,1969,11.065033
Acrylonitrile,1970,9.88698
Acrylonitrile,1971,8.8907995
Acrylonitrile,1972,8.968174
Aluminum,1956,28.13528
Aluminum,1957,28.551401
Aluminum,1958,28.046925
Aluminum,1959,27.757483
Aluminum,1960,26.5818
Aluminum,1961,26.028572
Aluminum,1962,24.465712
Aluminum,1963,23.13306
Aluminum,1964,24.321356
Aluminum,1965,24.855984
Aluminum,1966,24.313492
Aluminum,1967,24.298347
Aluminum,1968,24.625
Aluminum,1969,25.630537
Aluminum,1970,25.95208
Aluminum,1971,24.927773
Aluminum,1972,22.036013
Ammonia,1960,3.5265849
Ammonia,1961,3.644898
Ammonia,1962,3.5506654
Ammonia,1963,3.4912999
Ammonia,1964,3.459959
Ammonia,1965,3.387424
Ammonia,1966,3.0962303
Ammonia,1967,2.7006803
Ammonia,1968,2.0480769
Ammonia,1969,1.6032045
Ammonia,1970,1.545208
Ammonia,1971,1.5124677
Ammonia,1972,1.5150753
Aniline,1961,16.106123
Aniline,1962,13.58956
Aniline,1963,14.186284
Aniline,1964,14.13039
Aniline,1965,13.251521
Aniline,1966,11.427579
Aniline,1967,10.574344
Aniline,1968,10.368269
Aniline,1969,9.942507
Aniline,1970,10.384268
Aniline,1971,9.621668
Aniline,1972,7.3207707
Automotive (US),1985,4.055818
Automotive (US),1986,3.2602558
Automotive (US),1987,2.7831435
Automotive (US),1988,2.4694808
Automotive (US),1989,2.2014985
Automotive (US),1990,1.9798375
Automotive (US),1991,1.7925642
Automotive (US),1992,1.6712413
Automotive (US),1993,1.5496174
Automotive (US),1994,1.4528798
Automotive (US),1995,1.3714668
Automotive (US),1996,1.298839
Automotive (US),1997,1.240951
Automotive (US),1998,1.1855304
Automotive (US),1999,1.1302906
Automotive (US),2000,1.0800047
Automotive (US),2001,1.033315
Automotive (US),2002,0.9929439
Automotive (US),2003,0.94899535
Automotive (US),2004,0.9210077
Automotive (US),2005,0.88077253
Beer (Japan),1951,72.34
Beer (Japan),1952,76.44
Beer (Japan),1953,65.6
Beer (Japan),1954,67.53
Beer (Japan),1955,66.42
Beer (Japan),1956,63
Beer (Japan),1957,60.33
Beer (Japan),1958,60.83
Beer (Japan),1959,58.96
Beer (Japan),1960,55.73
Beer (Japan),1961,51.97
Beer (Japan),1962,50.41
Beer (Japan),1963,48.14
Beer (Japan),1964,45.97
Beer (Japan),1965,46.86
Beer (Japan),1966,44.76
Beer (Japan),1967,43.03
Beer (Japan),1968,43.17
Benzene,1952,0.434
Benzene,1953,0.464
Benzene,1954,0.458
Benzene,1955,0.407
Benzene,1956,0.383
Benzene,1957,0.359
Benzene,1958,0.33
Benzene,1959,0.286
Benzene,1960,0.3
Benzene,1961,0.306
Benzene,1962,0.232
Benzene,1963,0.215
Benzene,1964,0.202
Benzene,1965,0.216
Benzene,1966,0.211
Benzene,1967,0.205
Benzene,1968,0.199
Bisphenol A,1959,28.008255
Bisphenol A,1960,27.722904
Bisphenol A,1961,27.666327
Bisphenol A,1962,26.082907
Bisphenol A,1963,25.286592
Bisphenol A,1964,22.20534
Bisphenol A,1965,21.09635
Bisphenol A,1966,20.125992
Bisphenol A,1967,20.013605
Bisphenol A,1968,18.188461
Bisphenol A,1969,17.633366
Bisphenol A,1970,15.12387
Bisphenol A,1971,13.694755
Bisphenol A,1972,12.970687
CCGT power,1987,599.3
CCGT power,1988,514.3
CCGT power,1989,631.8
CCGT power,1990,521.6
CCGT power,1991,641.6
CCGT power,1992,607.3
CCGT power,1993,533.4
CCGT power,1994,450.4
CCGT power,1995,467.4
CCGT power,1996,432.6
Caprolactam,1962,41.648926
Caprolactam,1963,38.21699
Caprolactam,1964,34.617043
Caprolactam,1965,31.820486
Caprolactam,1966,24.484127
Caprolactam,1967,19.873663
Caprolactam,1968,18.261538
Caprolactam,1969,16.756834
Caprolactam,1970,16.268536
Caprolactam,1971,15.104901
Caprolactam,1972,14.80067
Carbon black,1964,7.1950717
Carbon black,1965,7.157201
Carbon black,1966,7.114087
Carbon black,1967,6.9689016
Carbon black,1968,7.041346
Carbon black,1969,6.8397737
Carbon black,1970,6.857143
Carbon black,1971,6.6130695
Carbon black,1972,6.4991627
Carbon disulfide,1963,4.176049
Carbon disulfide,1964,4.126283
Carbon disulfide,1965,4.055781
Carbon disulfide,1966,4.0674605
Carbon disulfide,1967,3.8202138
Carbon disulfide,1968,4.2413464
Carbon disulfide,1969,4.128181
Carbon disulfide,1970,3.7703435
Carbon disulfide,1971,3.4316423
Carbon disulfide,1972,3.332496
Concentrating solar,1980,76.06515
Concentrating solar,1981,64.39695
Concentrating solar,1982,54.73171
Concentrating solar,1983,45.453583
Concentrating solar,1984,34.62963
Concentrating solar,1985,28.8
Concentrating solar,1986,24.963593
Concentrating solar,1987,22.304348
Concentrating solar,1988,20.238094
Concentrating solar,1989,19.037975
Concentrating solar,1990,17.837837
Concentrating solar,1991,16.957747
Concentrating solar,1992,16.879433
Concentrating solar,1993,16.618706
Concentrating solar,1994,16.357664
Concentrating solar,1995,15.93985
Concentrating solar,1996,15.51938
Concentrating solar,1997,15.200637
Concentrating solar,1998,14.961039
Concentrating solar,1999,14.785479
Concentrating solar,2000,14.688915
Concentrating solar,2001,14.60804
Concentrating solar,2002,14.53872
Concentrating solar,2003,14.395571
Concentrating solar,2004,13.714286
Concentrating solar,2005,12.692307
Corn (US),1975,11.67
Corn (US),1976,11.48
Corn (US),1977,11.26
Corn (US),1978,9.95
Corn (US),1979,9.12
Corn (US),1980,11.09
Corn (US),1981,9.15
Corn (US),1982,8.79
Corn (US),1983,12.7
Corn (US),1984,9.45
Corn (US),1985,8.53
Corn (US),1986,8.44
Corn (US),1987,8.42
Corn (US),1988,12.02
Corn (US),1989,8.693384
Corn (US),1990,8.51
Corn (US),1991,9.06
Corn (US),1992,7.47
Corn (US),1993,10.09
Corn (US),1994,6.985679
Corn (US),1995,8.634088
Corn (US),1996,7.695267
Corn (US),1997,7.6923075
Corn (US),1998,7.352941
Corn (US),1999,7.4074073
Corn (US),2000,7.246377
Corn (US),2001,6.9444447
Corn (US),2002,7.4626865
Corn (US),2003,6.7114096
Corn (US),2004,5.9171596
Corn (US),2005,6.7114096
Corn (US),2006,7.246377
Corn (US),2007,6.993007
Corn (US),2008,6.9444447
Crude oil,1946,2.14
Crude oil,1947,2.64
Crude oil,1948,3.32
Crude oil,1949,3.3
Crude oil,1950,3.23
Crude oil,1951,3.01
Crude oil,1952,2.95
Crude oil,1953,3.08
Crude oil,1954,3.15
Crude oil,1955,3.09
Crude oil,1956,2.99
Crude oil,1957,3.17
Crude oil,1958,3.03
Crude oil,1959,2.9
Crude oil,1960,2.85
Crude oil,1961,2.82
Crude oil,1962,2.79
Crude oil,1963,2.74
Crude oil,1964,2.69
Crude oil,1965,2.63
Crude oil,1966,2.59
Crude oil,1967,2.54
Crude oil,1968,2.47
Cyclohexane,1956,5.995671
Cyclohexane,1957,5.5991693
Cyclohexane,1958,5.6225233
Cyclohexane,1959,5.3952527
Cyclohexane,1960,5.3456035
Cyclohexane,1961,5.140816
Cyclohexane,1962,4.6059365
Cyclohexane,1963,4.154555
Cyclohexane,1964,3.9404519
Cyclohexane,1965,4.137931
Cyclohexane,1966,4.026786
Cyclohexane,1967,3.723032
Cyclohexane,1968,3.2211537
Cyclohexane,1969,3.1479735
Cyclohexane,1970,3.103074
Cyclohexane,1971,2.8125536
Cyclohexane,1972,2.4958124
DNA sequencing,2001,121225.51
DNA sequencing,2002,76886.375
DNA sequencing,2003,49266.055
DNA sequencing,2004,22038.84
DNA sequencing,2005,15887.277
DNA sequencing,2006,11747.288
DNA sequencing,2007,7821.6216
DNA sequencing,2008,367.85822
DNA sequencing,2009,75.271774
DNA sequencing,2010,30.593178
DNA sequencing,2011,7.998165
DNA sequencing,2012,6.71418
DNA sequencing,2013,5.0960803
DRAM,1971,49.61795
DRAM,1972,32.92767
DRAM,1973,25.125942
DRAM,1974,15.600886
DRAM,1975,7.2998223
DRAM,1976,3.6245968
DRAM,1977,2.0430055
DRAM,1978,1.2390244
DRAM,1979,0.901531
DRAM,1980,0.63816273
DRAM,1981,0.27037972
DRAM,1982,0.14835022
DRAM,1983,0.110235974
DRAM,1984,0.0876262
DRAM,1985,0.027144296
DRAM,1986,0.016425557
DRAM,1987,0.015803998
DRAM,1988,0.022024974
DRAM,1989,0.01900752
DRAM,1990,0.008998422
DRAM,1991,0.005673695
DRAM,1992,0.003908046
DRAM,1993,0.003998369
DRAM,1994,0.003901705
DRAM,1995,0.003850863
DRAM,1996,0.001295655
DRAM,1997,0.00051369
DRAM,1998,0.000192708
DRAM,1999,0.000162376
DRAM,2000,0.000123933
DRAM,2001,0.0000295
DRAM,2002,0.0000281
DRAM,2003,0.0000215
DRAM,2004,0.000021
DRAM,2005,0.0000128
DRAM,2006,0.0000111
DRAM,2007,0.00000524
Electric range,1946,275
Electric range,1947,301
Electric range,1948,295
Electric range,1949,288
Electric range,1950,280
Electric range,1951,288
Electric range,1952,282
Electric range,1953,285
Electric range,1954,285
Electric range,1955,282
Electric range,1956,271
Electric range,1957,257
Electric range,1958,259
Electric range,1959,250
Electric range,1960,245
Electric range,1961,240
Electric range,1962,230
Electric range,1963,227
Electric range,1964,200
Electric range,1965,200
Electric range,1966,197
Electric range,1967,190
Ethanol (Brazil),1980,29.27
Ethanol (Brazil),1981,27.37
Ethanol (Brazil),1982,26.25
Ethanol (Brazil),1983,23.65
Ethanol (Brazil),1984,23.26
Ethanol (Brazil),1985,24.25
Ethanol (Brazil),1986,18.44
Ethanol (Brazil),1987,19.44
Ethanol (Brazil),1988,16.9
Ethanol (Brazil),1989,14.18
Ethanol (Brazil),1990,12.89
Ethanol (Brazil),1991,13.12
Ethanol (Brazil),1992,13.6
Ethanol (Brazil),1993,12.22
Ethanol (Brazil),1994,12.2
Ethanol (Brazil),1995,10.95
Ethanol (Brazil),1996,11.88
Ethanol (Brazil),1997,10.35
Ethanol (Brazil),1998,9.46
Ethanol (Brazil),1999,4.98
Ethanol (Brazil),2000,9.61
Ethanol (Brazil),2001,11.26
Ethanol (Brazil),2002,10.06
Ethanol (Brazil),2003,10.63
Ethanol (Brazil),2004,8.4
Ethanolamine,1955,26.659575
Ethanolamine,1956,25.688313
Ethanolamine,1957,24.354101
Ethanolamine,1958,23.638165
Ethanolamine,1959,22.432405
Ethanolamine,1960,21.829243
Ethanolamine,1961,20.992857
Ethanolamine,1962,21.227226
Ethanolamine,1963,20.232344
Ethanolamine,1964,19.035934
Ethanolamine,1965,18.085194
Ethanolamine,1966,16.510912
Ethanolamine,1967,15.17104
Ethanolamine,1968,13.0625
Ethanolamine,1969,11.643732
Ethanolamine,1970,10.249548
Ethanolamine,1971,9.845228
Ethanolamine,1972,9.793133
Ethylene,1960,5.1104293
Ethylene,1961,5.1
Ethylene,1962,4.8126917
Ethylene,1963,4.6151485
Ethylene,1964,4.7843943
Ethylene,1965,4.108519
Ethylene,1966,4.09623
Ethylene,1967,3.8396502
Ethylene,1968,3.3
Ethylene,1969,3.1102734
Ethylene,1970,2.7929475
Ethylene,1971,2.606191
Ethylene,1972,2.4958124
Formaldehyde,1962,3.24565
Formaldehyde,1963,3.0900717
Formaldehyde,1964,2.6899383
Formaldehyde,1965,2.5760648
Formaldehyde,1966,2.6775794
Formaldehyde,1967,2.5354714
Formaldehyde,1968,2.3653846
Formaldehyde,1969,2.1762488
Formaldehyde,1970,2.1518986
Formaldehyde,1971,1.9097162
Formaldehyde,1972,1.617253
Free standing gas range,1946,106.6
Free standing gas range,1947,116.6
Free standing gas range,1948,119.4
Free standing gas range,1949,114.7
Free standing gas range,1950,117.2
Free standing gas range,1951,117.8
Free standing gas range,1952,112.5
Free standing gas range,1953,115.8
Free standing gas range,1954,105.1
Free standing gas range,1955,106
Free standing gas range,1956,101.2
Free standing gas range,1957,98.6
Free standing gas range,1958,96.4
Free standing gas range,1959,97
Free standing gas range,1960,92.4
Free standing gas range,1961,91.2
Free standing gas range,1962,90.6
Free standing gas range,1963,93.2
Free standing gas range,1964,86.1
Free standing gas range,1965,84.6
Free standing gas range,1966,84.2
Free standing gas range,1967,83.1
Geothermal electricity,1980,12.375
Geothermal electricity,1981,11.743421
Geothermal electricity,1982,11.111111
Geothermal electricity,1983,10.4779415
Geothermal electricity,1984,9.84375
Geothermal electricity,1985,9.208333
Geothermal electricity,1986,8.571428
Geothermal electricity,1987,8.254869
Geothermal electricity,1988,7.9326925
Geothermal electricity,1989,7.3255816
Geothermal electricity,1990,7.1817565
Geothermal electricity,1991,6.86278
Geothermal electricity,1992,6.428571
Geothermal electricity,1993,5.863069
Geothermal electricity,1994,5.676522
Geothermal electricity,1995,5.5125
Geothermal electricity,1996,5.436232
Geothermal electricity,1997,5.024331
Geothermal electricity,1998,4.6753244
Geothermal electricity,1999,4.4263735
Geothermal electricity,2000,4.322034
Geothermal electricity,2001,4.219653
Geothermal electricity,2002,4.11716
Geothermal electricity,2003,3.945679
Geothermal electricity,2004,3.7052631
Geothermal electricity,2005,3.6195285
Hard disk drive,1988,17.22791
Hard disk drive,1989,13.382683
Hard disk drive,1990,9.504864
Hard disk drive,1991,6.9975767
Hard disk drive,1992,3.92598
Hard disk drive,1993,1.8705058
Hard disk drive,1994,0.8832718
Hard disk drive,1995,0.40504888
Hard disk drive,1996,0.21606518
Hard disk drive,1997,0.11120262
Hard disk drive,1998,0.040066604
Hard disk drive,1999,0.018487629
Hard disk drive,2000,0.009924938
Hard disk drive,2001,0.006980927
Hard disk drive,2002,0.001892621
Hard disk drive,2003,0.001963277
Hard disk drive,2004,0.001094871
Hard disk drive,2005,0.0006954
Hard disk drive,2006,0.000342648
Hard disk drive,2007,0.000307196
Hydrofluoric acid,1962,14.559877
Hydrofluoric acid,1963,14.242579
Hydrofluoric acid,1964,13.712525
Hydrofluoric acid,1965,13.833672
Hydrofluoric acid,1966,13.237103
Hydrofluoric acid,1967,13.241982
Hydrofluoric acid,1968,13.704807
Hydrofluoric acid,1969,13.746466
Hydrofluoric acid,1970,14.545208
Hydrofluoric acid,1971,14.541702
Hydrofluoric acid,1972,13.312395
Isopropyl alcohol,1964,6.3942504
Isopropyl alcohol,1965,6.2778907
Isopropyl alcohol,1966,5.9295635
Isopropyl alcohol,1967,5.9504375
Isopropyl alcohol,1968,5.701923
Isopropyl alcohol,1969,5.533459
Isopropyl alcohol,1970,5.1618443
Isopropyl alcohol,1971,4.9527087
Isopropyl alcohol,1972,4.6633167
Laser diode,1982,10000
Laser diode,1983,3500
Laser diode,1984,2000
Laser diode,1985,1500
Laser diode,1986,1000
Laser diode,1987,750
Laser diode,1988,400
Laser diode,1989,300
Laser diode,1990,200
Laser diode,1991,170
Laser diode,1992,140
Laser diode,1993,140
Laser diode,1994,140
Low-density polyethylene,1952,0.561
Low-density polyethylene,1953,0.498
Low-density polyethylene,1954,0.458
Low-density polyethylene,1955,0.43
Low-density polyethylene,1956,0.386
Low-density polyethylene,1957,0.329
Low-density polyethylene,1958,0.32
Low-density polyethylene,1959,0.315
Low-density polyethylene,1960,0.27
Low-density polyethylene,1961,0.22
Low-density polyethylene,1962,0.199
Low-density polyethylene,1963,0.168
Low-density polyethylene,1964,0.156
Low-density polyethylene,1965,0.153
Low-density polyethylene,1966,0.149
Low-density polyethylene,1967,0.128
Low-density polyethylene,1968,0.107
Magnesium,1954,30.478556
Magnesium,1955,33.02128
Magnesium,1956,36.67316
Magnesium,1957,36.660435
Magnesium,1958,36.813347
Magnesium,1959,36.433437
Magnesium,1960,36.09816
Magnesium,1961,36.02449
Magnesium,1962,36.13511
Magnesium,1963,36.13511
Magnesium,1964,35.814167
Magnesium,1965,34.99087
Magnesium,1966,33.819443
Magnesium,1967,33.030125
Magnesium,1968,32.3875
Magnesium,1969,31.588125
Magnesium,1970,30.12206
Magnesium,1971,30.17455
Magnesium,1972,30.164991
Maleic anhydride,1959,26.937048
Maleic anhydride,1960,24.172802
Maleic anhydride,1961,22.114286
Maleic anhydride,1962,17.068577
Maleic anhydride,1963,13.629478
Maleic anhydride,1964,12.520534
Maleic anhydride,1965,11.800202
Maleic anhydride,1966,12.604167
Maleic anhydride,1967,12.876579
Maleic anhydride,1968,11.867308
Maleic anhydride,1969,13.773798
Maleic anhydride,1970,14.342676
Maleic anhydride,1971,12.66724
Maleic anhydride,1972,10.997487
Methanol,1957,4.1734166
Methanol,1958,3.713243
Methanol,1959,3.8090816
Methanol,1960,3.6809816
Methanol,1961,3.6336734
Methanol,1962,3.4810646
Methanol,1963,3.5127943
Methanol,1964,2.9250515
Methanol,1965,3.193712
Methanol,1966,3.235119
Methanol,1967,3.041788
Methanol,1968,2.5490384
Methanol,1969,2.525919
Methanol,1970,2.5940325
Methanol,1971,1.7024935
Methanol,1972,1.2152429
Milk (US),1930,221.8355
Milk (US),1931,224.24948
Milk (US),1932,232.20595
Milk (US),1933,236.85306
Milk (US),1934,247.94875
Milk (US),1935,238.96843
Milk (US),1936,231.67757
Milk (US),1937,228.99968
Milk (US),1938,219.37207
Milk (US),1939,217.93954
Milk (US),1940,216.34555
Milk (US),1941,211.03416
Milk (US),1942,211.13698
Milk (US),1943,217.4966
Milk (US),1944,218.73221
Milk (US),1945,208.92445
Milk (US),1946,204.67131
Milk (US),1947,199.71236
Milk (US),1948,198.32077
Milk (US),1949,189.69536
Milk (US),1950,188.19746
Milk (US),1951,187.52278
Milk (US),1952,186.08017
Milk (US),1953,180.42772
Milk (US),1954,176.7597
Milk (US),1955,171.16841
Milk (US),1956,164.1895
Milk (US),1957,158.6666
Milk (US),1958,151.85359
Milk (US),1959,146.7452
Milk (US),1960,142.28366
Milk (US),1961,137.15863
Milk (US),1962,133.41676
Milk (US),1963,129.87653
Milk (US),1964,123.472244
Milk (US),1965,120.41392
Milk (US),1966,117.347725
Milk (US),1967,112.98134
Milk (US),1968,109.461296
Milk (US),1969,105.99356
Milk (US),1970,102.534035
Milk (US),1971,99.84144
Milk (US),1972,97.45053
Milk (US),1973,98.82848
Milk (US),1974,97.16142
Milk (US),1975,96.98175
Milk (US),1976,91.78982
Milk (US),1977,89.23077
Milk (US),1978,88.9478
Milk (US),1979,87.01176
Milk (US),1980,84.07084
Milk (US),1981,82.081795
Milk (US),1982,80.96567
Milk (US),1983,79.22816
Milk (US),1984,79.73934
Milk (US),1985,76.78446
Milk (US),1986,75.41445
Milk (US),1987,72.4412
Milk (US),1988,70.49381
Milk (US),1989,69.815765
Milk (US),1990,67.6478
Milk (US),1991,66.52809
Milk (US),1992,64.20784
Milk (US),1993,63.603653
Milk (US),1994,61.80909
Milk (US),1995,60.956135
Milk (US),1996,64.92604
Milk (US),1997,59.273117
Milk (US),1998,58.18634
Milk (US),1999,56.291756
Milk (US),2000,54.956
Milk (US),2001,55.054375
Milk (US),2002,53.74038
Milk (US),2003,53.301468
Milk (US),2004,52.718185
Milk (US),2005,51.109486
Milk (US),2006,50.262127
Milk (US),2007,49.494865
Milk (US),2008,49.030117
Monochrome television,1947,376
Monochrome television,1948,296
Monochrome television,1949,249
Monochrome television,1950,226
Monochrome television,1951,208
Monochrome television,1952,197
Monochrome television,1953,193
Monochrome television,1954,156
Monochrome television,1955,152
Monochrome television,1956,135
Monochrome television,1957,134
Monochrome television,1958,135
Monochrome television,1959,126
Monochrome television,1960,127
Monochrome television,1961,118
Monochrome television,1962,121
Monochrome television,1963,110
Monochrome television,1964,100
Monochrome television,1965,85.5
Monochrome television,1966,93
Monochrome television,1967,90.5
Monochrome television,1968,89
Motor gasoline,1946,0.096
Motor gasoline,1947,0.113
Motor gasoline,1948,0.128
Motor gasoline,1949,0.131
Motor gasoline,1950,0.134
Motor gasoline,1951,0.132
Motor gasoline,1952,0.129
Motor gasoline,1953,0.134
Motor gasoline,1954,0.128
Motor gasoline,1955,0.126
Motor gasoline,1956,0.123
Motor gasoline,1957,0.124
Motor gasoline,1958,0.116
Motor gasoline,1959,0.114
Motor gasoline,1960,0.113
Motor gasoline,1961,0.112
Motor gasoline,1962,0.109
Motor gasoline,1963,0.106
Motor gasoline,1964,0.104
Motor gasoline,1965,0.104
Motor gasoline,1966,0.101
Motor gasoline,1967,0.1
Motor gasoline,1968,0.094
Neoprene rubber,1960,43.958076
Neoprene rubber,1961,43.868366
Neoprene rubber,1962,44.00307
Neoprene rubber,1963,44.00307
Neoprene rubber,1964,44.138603
Neoprene rubber,1965,43.60142
Neoprene rubber,1966,41.680557
Neoprene rubber,1967,39.862003
Neoprene rubber,1968,39.440384
Neoprene rubber,1969,38.659756
Neoprene rubber,1970,37.0868
Neoprene rubber,1971,35.26913
Neoprene rubber,1972,34.353436
Nuclear electricity,1970,0.2615095
Nuclear electricity,1971,0.4015513
Nuclear electricity,1972,0.641808
Nuclear electricity,1973,0.55962366
Nuclear electricity,1974,0.8589368
Nuclear electricity,1975,1.0147122
Nuclear electricity,1976,1.4544139
Nuclear electricity,1977,1.5020133
Nuclear electricity,1978,1.8069562
Nuclear electricity,1979,1.9141722
Nuclear electricity,1980,1.3355874
Nuclear electricity,1981,1.7134694
Nuclear electricity,1982,2.045859
Nuclear electricity,1983,2.7195258
Nuclear electricity,1984,2.4644797
Nuclear electricity,1985,2.8485081
Nuclear electricity,1986,2.9324663
Nuclear electricity,1987,2.9771879
Nuclear electricity,1988,2.6522777
Nuclear electricity,1989,3.3742192
Onshore gas pipeline,1979,1017.2015
Onshore gas pipeline,1980,1100.8577
Onshore gas pipeline,1981,1344.1687
Onshore gas pipeline,1982,1269.088
Onshore gas pipeline,1983,1093.7673
Onshore gas pipeline,1984,899.37195
Onshore gas pipeline,1985,880.93274
Onshore gas pipeline,1986,1017.3846
Onshore gas pipeline,1987,1182.6833
Onshore gas pipeline,1988,1218.1992
Onshore gas pipeline,1989,1169.7007
Onshore gas pipeline,1990,1109.2408
Onshore gas pipeline,1991,1040.9342
Onshore gas pipeline,1992,777.7949
Paraxylene,1957,0.175
Paraxylene,1958,0.16
Paraxylene,1959,0.135
Paraxylene,1960,0.135
Paraxylene,1961,0.125
Paraxylene,1962,0.11
Paraxylene,1963,0.084
Paraxylene,1964,0.082
Paraxylene,1965,0.082
Paraxylene,1966,0.07
Paraxylene,1967,0.07
Paraxylene,1968,0.057
Pentaerythritol,1952,38.55903
Pentaerythritol,1953,38.347332
Pentaerythritol,1954,36.563206
Pentaerythritol,1955,35.522957
Pentaerythritol,1956,35.02381
Pentaerythritol,1957,32.320873
Pentaerythritol,1958,29.930136
Pentaerythritol,1959,30.371517
Pentaerythritol,1960,30.212679
Pentaerythritol,1961,29.171429
Pentaerythritol,1962,26.23951
Pentaerythritol,1963,24.416582
Pentaerythritol,1964,24.812115
Pentaerythritol,1965,22.535498
Pentaerythritol,1966,23.220238
Pentaerythritol,1967,21.87658
Pentaerythritol,1968,21.258654
Pentaerythritol,1969,21.667295
Pentaerythritol,1970,20.744123
Pentaerythritol,1971,18.065348
Pentaerythritol,1972,14.051088
Phenol,1959,14.961816
Phenol,1960,14.617587
Phenol,1961,14.793878
Phenol,1962,12.468782
Phenol,1963,9.759468
Phenol,1964,9.977413
Phenol,1965,9.545639
Phenol,1966,9.347222
Phenol,1967,8.58795
Phenol,1968,7.098077
Phenol,1969,7.37229
Phenol,1970,6.292043
Phenol,1971,5.6405845
Phenol,1972,5.4288106
Photovoltaics,1980,22.557508
Photovoltaics,1981,17.180038
Photovoltaics,1982,17.444506
Photovoltaics,1983,16.392488
Photovoltaics,1984,13.366447
Photovoltaics,1985,12.203396
Photovoltaics,1986,11.434346
Photovoltaics,1987,9.547167
Photovoltaics,1988,9.454651
Photovoltaics,1989,9.5371
Photovoltaics,1990,9.738848
Photovoltaics,1991,9.071852
Photovoltaics,1992,8.572512
Photovoltaics,1993,7.643175
Photovoltaics,1994,7.472131
Photovoltaics,1995,6.916482
Photovoltaics,1996,5.7587285
Photovoltaics,1997,5.709597
Photovoltaics,1998,4.7980704
Photovoltaics,1999,4.391411
Photovoltaics,2000,3.5689075
Photovoltaics,2001,3.3722153
Photovoltaics,2002,3.4408944
Photovoltaics,2003,3.2510707
Photovoltaics,2004,3.4511347
Photovoltaics,2005,3.4880092
Photovoltaics,2006,3.8019085
Photovoltaics,2007,3.8300667
Photovoltaics,2008,3.4906044
Photovoltaics,2009,2.3330684
Photovoltaics,2010,1.556384
Photovoltaics,2011,1.415067
Photovoltaics,2012,0.76441026
Photovoltaics,2013,0.821315
Phthalic anhydride,1955,21.437849
Phthalic anhydride,1956,20.247835
Phthalic anhydride,1957,19.840082
Phthalic anhydride,1958,20.142857
Phthalic anhydride,1959,16.58514
Phthalic anhydride,1960,17.943764
Phthalic anhydride,1961,17.996939
Phthalic anhydride,1962,14.271238
Phthalic anhydride,1963,9.957011
Phthalic anhydride,1964,9.9876795
Phthalic anhydride,1965,8.542597
Phthalic anhydride,1966,9.393849
Phthalic anhydride,1967,11.60447
Phthalic anhydride,1968,12.046154
Phthalic anhydride,1969,10.5673895
Phthalic anhydride,1970,8.22604
Phthalic anhydride,1971,6.283749
Phthalic anhydride,1972,5.8458962
Polyester fiber,1960,128.79755
Polyester fiber,1961,120.445915
Polyester fiber,1962,116.66019
Polyester fiber,1963,116.66019
Polyester fiber,1964,100.619095
Polyester fiber,1965,85.20791
Polyester fiber,1966,81.372025
Polyester fiber,1967,56.340137
Polyester fiber,1968,52.86731
Polyester fiber,1969,42.426956
Polyester fiber,1970,37.0868
Polyester fiber,1971,32.687878
Polyester fiber,1972,30.164991
Polyethylene HD,1958,34.42753
Polyethylene HD,1959,34.07224
Polyethylene HD,1960,33.389572
Polyethylene HD,1961,32.49898
Polyethylene HD,1962,31.5087
Polyethylene HD,1963,23.981577
Polyethylene HD,1964,21.249487
Polyethylene HD,1965,18.729208
Polyethylene HD,1966,17.42758
Polyethylene HD,1967,16.418854
Polyethylene HD,1968,14.921154
Polyethylene HD,1969,14.350613
Polyethylene HD,1970,12.49367
Polyethylene HD,1971,10.27773
Polyethylene HD,1972,9.803183
Polyethylene LD,1958,33.376434
Polyethylene LD,1959,33.03199
Polyethylene LD,1960,28.652351
Polyethylene LD,1961,23.528572
Polyethylene LD,1962,21.269192
Polyethylene LD,1963,18.601843
Polyethylene LD,1964,17.053389
Polyethylene LD,1965,17.065924
Polyethylene LD,1966,17.150793
Polyethylene LD,1967,14.3168125
Polyethylene LD,1968,11.667308
Polyethylene LD,1969,11.41376
Polyethylene LD,1970,11.361664
Polyethylene LD,1971,10.858985
Polyethylene LD,1972,10.20268
Polypropylene,1959,0.413
Polypropylene,1960,0.397
Polypropylene,1961,0.364
Polypropylene,1962,0.312
Polypropylene,1963,0.271
Polypropylene,1964,0.221
Polypropylene,1965,0.2
Polypropylene,1966,0.175
Polypropylene,1967,0.175
Polypropylene,1968,0.172
Polystyrene,1943,0.54
Polystyrene,1944,0.55
Polystyrene,1945,0.52
Polystyrene,1946,0.45
Polystyrene,1947,0.41
Polystyrene,1948,0.335
Polystyrene,1949,0.395
Polystyrene,1950,0.425
Polystyrene,1951,0.415
Polystyrene,1952,0.41
Polystyrene,1953,0.4
Polystyrene,1954,0.395
Polystyrene,1955,0.365
Polystyrene,1956,0.335
Polystyrene,1957,0.295
Polystyrene,1958,0.28
Polystyrene,1959,0.24
Polystyrene,1960,0.245
Polystyrene,1961,0.2
Polystyrene,1962,0.195
Polystyrene,1963,0.17
Polystyrene,1964,0.155
Polystyrene,1965,0.15
Polystyrene,1966,0.157
Polystyrene,1967,0.145
Polystyrene,1968,0.128
Polyvinylchloride,1946,0.526
Polyvinylchloride,1947,0.469
Polyvinylchloride,1948,0.465
Polyvinylchloride,1949,0.493
Polyvinylchloride,1950,0.462
Polyvinylchloride,1951,0.456
Polyvinylchloride,1952,0.446
Polyvinylchloride,1953,0.442
Polyvinylchloride,1954,0.424
Polyvinylchloride,1955,0.374
Polyvinylchloride,1956,0.341
Polyvinylchloride,1957,0.298
Polyvinylchloride,1958,0.27
Polyvinylchloride,1959,0.246
Polyvinylchloride,1960,0.223
Polyvinylchloride,1961,0.182
Polyvinylchloride,1962,0.17
Polyvinylchloride,1963,0.168
Polyvinylchloride,1964,0.156
Polyvinylchloride,1965,0.154
Polyvinylchloride,1966,0.141
Polyvinylchloride,1967,0.128
Polyvinylchloride,1968,0.123
Primary aluminum,1929,0.472
Primary aluminum,1930,0.483
Primary aluminum,1931,0.473
Primary aluminum,1932,0.58
Primary aluminum,1933,0.593
Primary aluminum,1934,0.511
Primary aluminum,1935,0.481
Primary aluminum,1936,0.48
Primary aluminum,1937,0.451
Primary aluminum,1938,0.456
Primary aluminum,1939,0.463
Primary aluminum,1940,0.426
Primary aluminum,1941,0.35
Primary aluminum,1942,0.283
Primary aluminum,1943,0.264
Primary aluminum,1944,0.258
Primary aluminum,1945,0.251
Primary aluminum,1946,0.225
Primary aluminum,1947,0.201
Primary aluminum,1948,0.198
Primary aluminum,1949,0.215
Primary aluminum,1950,0.221
Primary aluminum,1951,0.222
Primary aluminum,1952,0.222
Primary aluminum,1953,0.237
Primary aluminum,1954,0.243
Primary aluminum,1955,0.26
Primary aluminum,1956,0.277
Primary aluminum,1957,0.282
Primary aluminum,1958,0.269
Primary aluminum,1959,0.265
Primary aluminum,1960,0.252
Primary aluminum,1961,0.215
Primary aluminum,1962,0.226
Primary aluminum,1963,0.211
Primary aluminum,1964,0.218
Primary aluminum,1965,0.221
Primary aluminum,1966,0.215
Primary aluminum,1967,0.213
Primary aluminum,1968,0.21
Primary magnesium,1929,1.186
Primary magnesium,1930,0.974
Primary magnesium,1931,0.67
Primary magnesium,1932,0.746
Primary magnesium,1933,0.763
Primary magnesium,1934,0.711
Primary magnesium,1935,0.704
Primary magnesium,1936,0.702
Primary magnesium,1937,0.674
Primary magnesium,1938,0.683
Primary magnesium,1939,0.625
Primary magnesium,1940,0.615
Primary magnesium,1941,0.477
Primary magnesium,1942,0.424
Primary magnesium,1943,0.361
Primary magnesium,1944,0.352
Primary magnesium,1945,0.343
Primary magnesium,1946,0.307
Primary magnesium,1947,0.275
Primary magnesium,1948,0.258
Primary magnesium,1949,0.259
Primary magnesium,1950,0.274
Primary magnesium,1951,0.286
Primary magnesium,1952,0.28
Primary magnesium,1953,0.301
Primary magnesium,1954,0.301
Primary magnesium,1955,0.324
Primary magnesium,1956,0.361
Primary magnesium,1957,0.362
Primary magnesium,1958,0.352
Primary magnesium,1959,0.347
Primary magnesium,1960,0.341
Primary magnesium,1961,0.337
Primary magnesium,1962,0.333
Primary magnesium,1963,0.329
Primary magnesium,1964,0.323
Primary magnesium,1965,0.318
Primary magnesium,1966,0.309
Primary magnesium,1967,0.306
Primary magnesium,1968,0.296
Refined cane sugar,1935,0.116
Refined cane sugar,1936,0.1118
Refined cane sugar,1937,0.1087
Refined cane sugar,1938,0.1022
Refined cane sugar,1939,0.1088
Refined cane sugar,1940,0.0995
Refined cane sugar,1941,0.1059
Refined cane sugar,1942,0.1056
Refined cane sugar,1943,0.0988
Refined cane sugar,1944,0.0957
Refined cane sugar,1945,0.0924
Refined cane sugar,1946,0.0967
Refined cane sugar,1947,0.1108
Refined cane sugar,1948,0.097
Refined cane sugar,1949,0.1004
Refined cane sugar,1950,0.0995
Refined cane sugar,1951,0.0978
Refined cane sugar,1952,0.0984
Refined cane sugar,1953,0.0985
Refined cane sugar,1954,0.0972
Refined cane sugar,1955,0.0947
Refined cane sugar,1956,0.0935
Refined cane sugar,1957,0.094
Refined cane sugar,1958,0.0925
Refined cane sugar,1959,0.0916
Refined cane sugar,1960,0.091
Refined cane sugar,1961,0.09
Refined cane sugar,1962,0.091
Refined cane sugar,1963,0.1115
Refined cane sugar,1964,0.0977
Refined cane sugar,1965,0.0923
Refined cane sugar,1966,0.0913
Refined cane sugar,1967,0.0901
Refined cane sugar,1968,0.0886
Sodium,1957,17.386293
Sodium,1958,17.285715
Sodium,1959,17.158926
Sodium,1960,16.663599
Sodium,1961,16.563265
Sodium,1962,16.916069
Sodium,1963,16.865915
Sodium,1964,16.934292
Sodium,1965,15.991886
Sodium,1966,15.226191
Sodium,1967,14.915452
Sodium,1968,14.861539
Sodium,1969,14.95099
Sodium,1970,14.4150095
Sodium,1971,13.970765
Sodium,1972,14.220268
Sodium chlorate,1958,8.541189
Sodium chlorate,1959,8.402476
Sodium chlorate,1960,8.258691
Sodium chlorate,1961,8.308164
Sodium chlorate,1962,8.218015
Sodium chlorate,1963,8.103377
Sodium chlorate,1964,8.087269
Sodium chlorate,1965,7.4117646
Sodium chlorate,1966,6.639881
Sodium chlorate,1967,6.003887
Sodium chlorate,1968,5.730769
Sodium chlorate,1969,5.770971
Sodium chlorate,1970,5.608499
Sodium chlorate,1971,5.3981085
Sodium chlorate,1972,5.358459
Sodium hydrosulfite,1964,23.065708
Sodium hydrosulfite,1965,23.738337
Sodium hydrosulfite,1966,23.832342
Sodium hydrosulfite,1967,22.49757
Sodium hydrosulfite,1968,22.393269
Sodium hydrosulfite,1969,24.04147
Sodium hydrosulfite,1970,20.931284
Sodium hydrosulfite,1971,19.16337
Sodium hydrosulfite,1972,20.464825
Sorbitol,1965,22.289047
Sorbitol,1966,19.688492
Sorbitol,1967,19.286686
Sorbitol,1968,18.704807
Sorbitol,1969,18.57493
Sorbitol,1970,17.890596
Sorbitol,1971,17.39209
Sorbitol,1972,17.844221
Styrene,1958,12.413973
Styrene,1959,11.923633
Styrene,1960,11.660532
Styrene,1961,10.893878
Styrene,1962,10.259979
Styrene,1963,9.481065
Styrene,1964,8.317248
Styrene,1965,7.7373223
Styrene,1966,7.9652777
Styrene,1967,7.4965987
Styrene,1968,6.435577
Styrene,1969,5.9820924
Styrene,1970,5.849005
Styrene,1971,5.1754084
Styrene,1972,4.781407
Titanium dioxide,1964,26.933266
Titanium dioxide,1965,26.393509
Titanium dioxide,1966,25.381945
Titanium dioxide,1967,24.814383
Titanium dioxide,1968,24.575962
Titanium dioxide,1969,24.089539
Titanium dioxide,1970,22.471972
Titanium dioxide,1971,19.530525
Titanium dioxide,1972,20.019262
Titanium sponge,1950,6.25
Titanium sponge,1951,5.84
Titanium sponge,1952,5.72
Titanium sponge,1953,5.66
Titanium sponge,1954,5.58
Titanium sponge,1955,4.44
Titanium sponge,1956,3.39
Titanium sponge,1957,2.53
Titanium sponge,1958,2.02
Titanium sponge,1959,1.7
Titanium sponge,1960,1.55
Titanium sponge,1961,1.4
Titanium sponge,1962,1.3
Titanium sponge,1963,1.23
Titanium sponge,1964,1.21
Titanium sponge,1965,1.19
Titanium sponge,1966,1.16
Titanium sponge,1967,1.12
Titanium sponge,1968,1.08
Transistor,1968,4.6785893
Transistor,1969,3.5673966
Transistor,1970,2.1555321
Transistor,1971,1.1030275
Transistor,1972,0.58968914
Transistor,1973,0.32748535
Transistor,1974,0.19550739
Transistor,1975,0.06501976
Transistor,1976,0.032767452
Transistor,1977,0.018281465
Transistor,1978,0.010952251
Transistor,1979,0.005058634
Transistor,1980,0.002938864
Transistor,1981,0.001370008
Transistor,1982,0.000668019
Transistor,1983,0.00048377
Transistor,1984,0.000437762
Transistor,1985,0.000197308
Transistor,1986,0.000140079
Transistor,1987,0.0000984
Transistor,1988,0.0000759
Transistor,1989,0.0000391
Transistor,1990,0.0000224
Transistor,1991,0.000015
Transistor,1992,0.0000104
Transistor,1993,0.00000904
Transistor,1994,0.00000763
Transistor,1995,0.0000067
Transistor,1996,0.0000042
Transistor,1997,0.00000237
Transistor,1998,0.00000117
Transistor,1999,8.32e-7
Transistor,2000,6.67e-7
Transistor,2001,2.87e-7
Transistor,2002,1.95e-7
Transistor,2003,1.49e-7
Transistor,2004,1.14e-7
Transistor,2005,4.6e-8
Urea,1961,4.389796
Urea,1962,4.4513817
Urea,1963,4.4114637
Urea,1964,4.3726897
Urea,1965,4.096349
Urea,1966,4.1289682
Urea,1967,3.537415
Urea,1968,2.9701922
Urea,1969,2.3741753
Urea,1970,2.6048825
Urea,1971,2.4428203
Urea,1972,2.2118928
Vinyl acetate,1960,15.677914
Vinyl acetate,1961,15.032653
Vinyl acetate,1962,14.242579
Vinyl acetate,1963,13.520983
Vinyl acetate,1964,11.685832
Vinyl acetate,1965,10.892495
Vinyl acetate,1966,10.612103
Vinyl acetate,1967,10.8522835
Vinyl acetate,1968,10.224038
Vinyl acetate,1969,9.372291
Vinyl acetate,1970,7.692586
Vinyl acetate,1971,6.705933
Vinyl acetate,1972,5.8458962
Vinyl chloride,1962,7.654043
Vinyl chloride,1963,7.1443195
Vinyl chloride,1964,6.516427
Vinyl chloride,1965,6.2160244
Vinyl chloride,1966,5.8829365
Vinyl chloride,1967,5.121477
Vinyl chloride,1968,4.396154
Vinyl chloride,1969,4.1196985
Vinyl chloride,1970,3.561483
Vinyl chloride,1971,3.5855546
Vinyl chloride,1972,3.3257957
Wind turbine (Denmark),1981,10909
Wind turbine (Denmark),1982,11075
Wind turbine (Denmark),1983,11451
Wind turbine (Denmark),1984,10811
Wind turbine (Denmark),1985,10199
Wind turbine (Denmark),1986,9576
Wind turbine (Denmark),1987,8485
Wind turbine (Denmark),1988,7722
Wind turbine (Denmark),1989,7614
Wind turbine (Denmark),1990,7928
Wind turbine (Denmark),1991,8152
Wind turbine (Denmark),1992,7456
Wind turbine (Denmark),1993,7033
Wind turbine (Denmark),1994,6644
Wind turbine (Denmark),1995,6100
Wind turbine (Denmark),1996,5946
Wind turbine (Denmark),1997,6041
Wind turbine (Denmark),1998,5958
Wind turbine (Denmark),1999,5702
Wind turbine (Denmark),2000,5563
